出发机场三字码,到达机场三字码,航班号,航空公司,计划起飞时间,计划到达时间,航程,飞行时长,出发地最低气温,出发地最高气温,出发地天空状况,出发地pm2.5,出发地机场状态,到达地最低气温,到达地最高气温,到达地天空状况,到达地pm2.5,到达地机场状态,历史准点率,实际承运航空公司,实际情况
pek,ckg,3U3017,3U,15:00,18:05,1640,2:21,19,32,多云,27,小面积延误,20,26,多云,31,小面积延误,74.19,CZ,比计划晚点21分钟到达
pek,ckg,MF1330,MF,15:00,18:05,1640,2:21,19,32,多云,27,小面积延误,20,26,多云,31,小面积延误,74.19,CZ,比计划晚点21分钟到达
pek,kwe,CA1463,CA,14:40,18:05,2039,2:53,19,32,多云,27,小面积延误,18,26,多云,32,小面积延误,57.14,CA,比计划晚点22分钟到达
pek,kwe,SC1463,SC,14:40,18:05,2039,2:53,19,32,多云,27,小面积延误,18,26,多云,32,小面积延误,57.14,CA,比计划晚点22分钟到达
pek,kwe,ZH1463,ZH,14:40,18:05,2039,2:53,19,32,多云,27,小面积延误,18,26,多云,32,小面积延误,57.14,CA,比计划晚点22分钟到达
pek,can,CZ3162,CZ,14:30,18:05,1876,2:45,19,32,多云,27,小面积延误,24,27,多云,21,流量正常,70.97,CZ,比计划提前28分钟到达
pek,can,MF1173,MF,14:30,18:05,1876,2:45,19,32,多云,27,小面积延误,24,27,多云,21,流量正常,70.97,CZ,比计划提前28分钟到达
pek,can,MU3026,MU,14:30,18:05,1876,2:45,19,32,多云,27,小面积延误,24,27,多云,21,流量正常,70.97,CZ,比计划提前28分钟到达
pek,urc,HU7145,HU,13:45,18:05,2842,3:33,19,32,多云,27,小面积延误,8,18,多云,10,小面积延误,96.77,HU,比计划提前30分钟到达
pek,urc,UQ7145,UQ,13:45,18:05,2842,3:33,19,32,多云,27,小面积延误,8,18,多云,10,小面积延误,96.77,HU,比计划提前30分钟到达
pek,urc,HX1145,HX,13:45,18:05,2842,3:33,19,32,多云,27,小面积延误,8,18,多云,10,小面积延误,96.77,HU,比计划提前30分钟到达
pek,wuh,CA8208,CA,15:40,18:05,1133,1:51,19,32,多云,27,小面积延误,18,31,阴天,42,流量正常,67.74,CA,比计划晚点58分钟到达
pek,wuh,NH5790,NH,15:40,18:05,1133,1:51,19,32,多云,27,小面积延误,18,31,阴天,42,流量正常,67.74,CA,比计划晚点58分钟到达
pek,wuh,ZH4938,ZH,15:40,18:05,1133,1:51,19,32,多云,27,小面积延误,18,31,阴天,42,流量正常,67.74,CA,比计划晚点58分钟到达
pek,wuh,NZ3867,NZ,15:40,18:05,1133,1:51,19,32,多云,27,小面积延误,18,31,阴天,42,流量正常,67.74,CA,比计划晚点58分钟到达
bfj,can,CZ3942,CZ,16:00,18:05,566,1:50,16,26,阴天,15,小面积延误,24,27,多云,21,流量正常,80.65,CZ,剩余29分钟到达
bfj,can,MU3048,MU,16:00,18:05,566,1:50,16,26,阴天,15,小面积延误,24,27,多云,21,流量正常,80.65,,剩余29分钟到达
csx,she,HU7329,HU,13:30,18:05,2345,3:19,21,31,多云,35,小面积延误,18,35,多云,39,流量正常,80.65,HU,飞行时长3小时19分钟
ctu,cgq,EU2257,EU,13:10,18:05,2467,3:34,19,28,多云,36,小面积延误,16,34,晴天,35,流量正常,77.42,EU,飞行时长3小时34分钟
ctu,szx,ZH9404,ZH,15:25,17:45,1446,2:11,19,28,多云,36,小面积延误,25,28,多云,28,小面积延误,67.74,ZH,比计划晚点3小时2分钟到达
ctu,szx,CA3704,CA,15:25,17:45,1446,2:11,19,28,多云,36,小面积延误,25,28,多云,28,小面积延误,67.74,ZH,比计划晚点3小时2分钟到达
ctu,szx,KY9404,KY,15:25,17:45,1446,2:11,19,28,多云,36,小面积延误,25,28,多云,28,小面积延误,67.74,ZH,比计划晚点3小时2分钟到达
ctu,szx,TV6622,TV,15:25,17:45,1446,2:11,19,28,多云,36,小面积延误,25,28,多云,28,小面积延误,67.74,ZH,比计划晚点3小时2分钟到达
dax,pvg,HO3740,HO,15:30,18:05,2498,2:05,21,28,多云,60,流量正常,19,30,多云,22,小面积延误,100,MU,比计划提前37分钟到达
dax,pvg,MU5442,MU,15:30,18:05,2498,2:05,21,28,多云,60,流量正常,19,30,多云,22,小面积延误,100,MU,比计划提前37分钟到达
foc,tao,MF822,MF,15:40,18:05,1333,2:13,19,25,多云,19,小面积延误,22,34,多云,49,流量正常,77.42,MF,比计划提前7分钟到达
can,hgh,CZ3847,CZ,15:55,18:05,1099,1:30,24,27,多云,21,流量正常,20,33,多云,22,小面积延误,80.65,CZ,比计划提前29分钟到达
can,hgh,MU3110,MU,15:55,18:05,1099,1:30,24,27,多云,21,流量正常,20,33,多云,22,小面积延误,80.65,CZ,比计划提前29分钟到达
can,hgh,MF1020,MF,15:55,18:05,1099,1:30,24,27,多云,21,流量正常,20,33,多云,22,小面积延误,80.65,CZ,比计划提前29分钟到达
can,ngb,MU5238,MU,15:50,18:05,1189,1:40,24,27,多云,21,小面积延误,17,29,多云,18,小面积延误,70.97,MU,比计划晚点19分钟到达
can,ngb,CZ9206,CZ,15:50,18:05,1189,1:40,24,27,多云,21,小面积延误,17,29,多云,18,小面积延误,70.97,MU,比计划晚点19分钟到达
kwl,het,GT1003,GT,13:00,18:05,1879,3:33,23,30,多云,40,小面积延误,17,32,多云,19,小面积延误,50,GT,比计划晚点36分钟到达
kwe,hfe,3U8518,3U,16:00,18:05,1319,1:33,18,26,多云,32,小面积延误,22,33,阴天,28,小面积延误,75,3U,比计划晚点1小时4分钟到达
kwe,hfe,G58630,G5,16:00,18:05,1319,1:33,18,26,多云,32,小面积延误,22,33,阴天,28,小面积延误,75,3U,比计划晚点1小时4分钟到达
kwe,hfe,MU4042,MU,16:00,18:05,1319,1:33,18,26,多云,32,小面积延误,22,33,阴天,28,小面积延误,75,3U,比计划晚点1小时4分钟到达
kwe,hfe,SC7066,SC,16:00,18:05,1319,1:33,18,26,多云,32,小面积延误,22,33,阴天,28,小面积延误,75,3U,比计划晚点1小时4分钟到达
kwe,ynt,EU2707,EU,13:45,18:05,2024,3:03,18,26,多云,32,小面积延误,21,32,多云,32,小面积延误,51.61,EU,比计划晚点21分钟到达
txn,het,GT1003,GT,15:40,18:05,1364,2:01,17,37,多云,16,流量正常,17,32,晴天,19,小面积延误,50,GT,比计划晚点36分钟到达
hak,tna,HU7287,HU,13:30,18:05,2434,3:18,25,32,阴天,12,小面积延误,21,33,多云,34,小面积延误,74.19,HU,比计划提前22分钟到达
hrb,cgo,3U8848,3U,15:10,18:05,1662,2:38,14,34,多云,46,流量正常,21,31,阴天,41,小面积延误,100,3U,准点到达
het,kmg,DR6530,DR,13:10,18:05,2113,3:23,17,32,晴天,19,小面积延误,14,25,晴天,26,小面积延误,72.41,DR,比计划提前10分钟到达
het,tsn,GS7830,GS,16:30,18:05,612,1:08,17,32,晴天,19,小面积延误,23,35,多云,43,小面积延误,92.86,GS,比计划提前14分钟到达
het,tyn,G58501,G5,17:05,18:05,351,0:41,17,32,晴天,19,小面积延误,14,29,多云,21,流量正常,90.32,MU,飞行时长41分钟
het,tyn,MU2410,MU,17:05,18:05,351,0:41,17,32,晴天,19,小面积延误,14,29,多云,21,流量正常,90.32,MU,飞行时长41分钟
het,xmn,CA8295,CA,13:15,18:05,2007,2:56,17,32,晴天,19,小面积延误,21,27,多云,25,小面积延误,92.86,CA,比计划提前24分钟到达
het,xmn,SC8295,SC,13:15,18:05,2007,2:56,17,32,晴天,19,小面积延误,21,27,多云,25,小面积延误,92.86,CA,比计划提前24分钟到达
het,xmn,ZH4955,ZH,13:15,18:05,2007,2:56,17,32,晴天,19,小面积延误,21,27,多云,25,小面积延误,92.86,CA,比计划提前24分钟到达
hgh,dlc,3U1624,3U,16:05,18:05,1171,1:49,20,33,多云,22,小面积延误,19,30,多云,75,小面积延误,83.87,EU,比计划晚点20分钟到达
hgh,dlc,EU2280,EU,16:05,18:05,1171,1:49,20,33,多云,22,小面积延误,19,30,多云,75,小面积延误,83.87,EU,比计划晚点20分钟到达
huz,wuh,HO1081,HO,16:20,18:05,858,1:32,23,28,多云,20,流量正常,18,31,阴天,49,小面积延误,93.55,HO,比计划提前11分钟到达
huz,wuh,MU4888,MU,16:20,18:05,858,1:32,23,28,多云,20,流量正常,18,31,阴天,49,小面积延误,93.55,HO,比计划提前11分钟到达
tna,ynt,3U1048,3U,16:55,18:05,415,0:41,21,33,多云,34,小面积延误,21,32,多云,32,小面积延误,96.77,SC,比计划提前23分钟到达
tna,ynt,CA4874,CA,16:55,18:05,415,0:41,21,33,多云,34,小面积延误,21,32,多云,32,小面积延误,96.77,SC,比计划提前23分钟到达
tna,ynt,SC4874,SC,16:55,18:05,415,0:41,21,33,多云,34,小面积延误,21,32,多云,32,小面积延误,96.77,SC,比计划提前23分钟到达
kmg,dyg,CA3298,CA,16:20,18:05,773,1:23,14,25,晴天,26,小面积延误,17,31,阴天,33,流量正常,90.32,HO,比计划提前22分钟到达
kmg,dyg,HO1018,HO,16:20,18:05,773,1:23,14,25,晴天,26,小面积延误,17,31,阴天,33,流量正常,90.32,HO,比计划提前22分钟到达
kmg,dyg,MU4844,MU,16:20,18:05,773,1:23,14,25,晴天,26,小面积延误,17,31,阴天,33,流量正常,90.32,HO,比计划提前22分钟到达
lhw,pvg,MU5142,MU,13:00,18:05,2209,3:13,8,31,晴天,17,流量正常,19,30,阴天,22,小面积延误,83.33,MU,比计划提前15分钟到达
lxa,ctu,CA4026,CA,14:30,18:05,1414,2:23,5,21,多云,9,流量正常,19,28,多云,36,小面积延误,92.86,CA,比计划提前19分钟到达
lxa,ctu,ZH4026,ZH,14:30,18:05,1414,2:23,5,21,多云,9,流量正常,19,28,多云,36,小面积延误,92.86,CA,比计划提前19分钟到达
lxa,ctu,TV6270,TV,14:30,18:05,1414,2:23,5,21,多云,9,流量正常,19,28,多云,36,小面积延误,92.86,CA,比计划提前19分钟到达
lxa,mig,3U8776,3U,15:55,18:05,2274,1:56,5,21,多云,9,流量正常,21,27,多云,49,流量正常,48.39,3U,比计划晚点1小时34分钟到达
lxa,mig,CZ4998,CZ,15:55,18:05,2274,1:56,5,21,多云,9,流量正常,21,27,多云,49,流量正常,48.39,3U,比计划晚点1小时34分钟到达
lxa,mig,MF5066,MF,15:55,18:05,2274,1:56,5,21,多云,9,流量正常,21,27,多云,49,流量正常,48.39,3U,比计划晚点1小时34分钟到达
llv,pvg,MU5142,MU,15:30,18:05,1529,2:00,15,30,晴天,26,小面积延误,19,30,阴天,25,小面积延误,83.33,MU,比计划提前15分钟到达
nng,hgh,JD5508,JD,15:35,18:05,1661,2:06,22,33,晴天,32,小面积延误,20,33,多云,22,小面积延误,80.65,JD,比计划提前17分钟到达
nng,jjn,KY9586,KY,16:10,18:05,1444,1:31,22,33,晴天,32,小面积延误,20,28,多云,22,小面积延误,70.97,ZH,比计划晚点1小时18分钟到达
nng,jjn,ZH8712,ZH,16:10,18:05,1444,1:31,22,33,晴天,32,小面积延误,20,28,多云,22,小面积延误,70.97,ZH,比计划晚点1小时18分钟到达
nkg,hak,CA3507,CA,13:30,18:05,1580,2:52,18,35,多云,33,小面积延误,25,32,多云,13,小面积延误,87.1,ZH,比计划晚点16分钟到达
nkg,hak,KY9595,KY,13:30,18:05,1580,2:52,18,35,多云,33,小面积延误,25,32,多云,13,小面积延误,87.1,ZH,比计划晚点16分钟到达
nkg,hak,ZH9595,ZH,13:30,18:05,1580,2:52,18,35,多云,33,小面积延误,25,32,多云,13,小面积延误,87.1,ZH,比计划晚点16分钟到达
khn,ynt,EU2707,EU,16:10,18:05,1096,1:39,20,29,多云,16,小面积延误,21,32,多云,32,小面积延误,51.61,EU,比计划晚点21分钟到达
ngb,het,GS7404,GS,15:05,18:05,1530,2:38,17,30,多云,16,小面积延误,17,32,晴天,23,小面积延误,90.32,GS,比计划提前3分钟到达
szx,sha,CZ6583,CZ,15:35,18:05,1343,1:48,25,28,多云,29,小面积延误,20,33,阴天,25,小面积延误,54.84,CZ,比计划提前27分钟到达
szx,sha,MF1468,MF,15:35,18:05,1343,1:48,25,28,多云,29,小面积延误,20,33,阴天,25,小面积延误,54.84,CZ,比计划提前27分钟到达
syx,csx,3U1650,3U,15:45,18:05,1398,1:50,26,33,多云,14,小面积延误,21,31,多云,39,流量正常,48.39,EU,比计划晚点28分钟到达
syx,csx,EU2752,EU,15:45,18:05,1398,1:50,26,33,多云,14,小面积延误,21,31,多云,39,流量正常,48.39,EU,比计划晚点28分钟到达
sjw,cgq,EU2257,EU,16:10,18:05,1110,1:43,23,33,晴天,37,小面积延误,16,34,晴天,36,小面积延误,77.42,EU,飞行时长1小时43分钟
pvg,inc,FM9545,FM,13:15,18:05,1731,3:22,19,30,阴天,25,小面积延误,17,32,晴天,17,流量正常,83.33,FM,比计划提前18分钟到达
pvg,inc,MU9545,MU,13:15,18:05,1731,3:22,19,30,阴天,25,小面积延误,17,32,晴天,17,流量正常,83.33,FM,比计划提前18分钟到达
tyn,kmg,DR6530,DR,15:10,18:05,1762,2:37,14,29,多云,30,流量正常,14,25,晴天,29,小面积延误,70,DR,比计划提前10分钟到达
tyn,nng,MU5553,MU,15:15,18:05,1909,2:37,14,29,多云,30,流量正常,22,33,晴天,32,小面积延误,66.67,MU,比计划晚点47分钟到达
tyn,she,HU7329,HU,16:15,18:05,1171,1:36,14,29,多云,30,流量正常,18,35,多云,43,小面积延误,80.65,HU,飞行时长1小时36分钟
tsn,hgh,CA1673,CA,16:05,18:05,1133,1:36,23,35,多云,45,小面积延误,20,33,多云,29,小面积延误,66.67,CA,比计划提前6分钟到达
tsn,hgh,G58045,G5,16:05,18:05,1133,1:36,23,35,多云,45,小面积延误,20,33,多云,29,小面积延误,66.67,CA,比计划提前6分钟到达
tsn,hgh,ZH1673,ZH,16:05,18:05,1133,1:36,23,35,多云,45,小面积延误,20,33,多云,29,小面积延误,66.67,CA,比计划提前6分钟到达
xmn,het,MF8139,MF,15:05,18:05,1990,2:45,21,27,多云,25,小面积延误,17,32,晴天,23,小面积延误,76.67,MF,比计划晚点28分钟到达
xmn,het,NS8139,NS,15:05,18:05,1990,2:45,21,27,多云,25,小面积延误,17,32,晴天,23,小面积延误,76.67,MF,比计划晚点28分钟到达
wut,inc,FM9545,FM,16:45,18:05,575,1:05,15,30,多云,16,流量正常,17,32,晴天,17,流量正常,83.33,FM,比计划提前18分钟到达
wut,inc,MU9545,MU,16:45,18:05,575,1:05,15,30,多云,16,流量正常,17,32,晴天,17,流量正常,83.33,FM,比计划提前18分钟到达
inc,pek,CA1220,CA,16:00,18:05,1107,1:27,17,32,晴天,17,流量正常,19,32,多云,28,小面积延误,87.1,CA,比计划晚点29分钟到达
inc,pek,ZH1220,ZH,16:00,18:05,1107,1:27,17,32,晴天,17,流量正常,19,32,多云,28,小面积延误,87.1,CA,比计划晚点29分钟到达
yic,hak,CA3507,CA,16:10,18:05,959,1:38,20,31,多云,29,流量正常,25,32,多云,13,小面积延误,87.1,ZH,比计划晚点16分钟到达
yic,hak,KY9595,KY,16:10,18:05,959,1:38,20,31,多云,29,流量正常,25,32,多云,13,小面积延误,87.1,ZH,比计划晚点16分钟到达
yic,hak,ZH9595,ZH,16:10,18:05,959,1:38,20,31,多云,29,流量正常,25,32,多云,13,小面积延误,87.1,ZH,比计划晚点16分钟到达
zha,tna,HU7287,HU,15:00,18:05,2288,2:51,25,33,多云,10,小面积延误,21,33,多云,33,小面积延误,74.19,HU,比计划提前22分钟到达
zuh,ckg,CZ8186,CZ,15:45,18:05,1235,1:52,26,29,多云,27,小面积延误,20,26,阴天,33,流量正常,73.68,CZ,比计划晚点2小时51分钟到达
zuh,ckg,OQ2386,OQ,15:45,18:05,1235,1:52,26,29,多云,27,小面积延误,20,26,阴天,33,流量正常,73.68,CZ,比计划晚点2小时51分钟到达
zuh,lya,GX8993,GX,15:30,18:05,1421,2:16,26,29,多云,27,小面积延误,21,31,阴天,34,流量正常,83.33,GX,比计划提前19分钟到达
cgo,xmn,CA8295,CA,15:55,18:05,1312,1:48,21,31,阴天,40,小面积延误,21,27,多云,25,小面积延误,68.42,CA,比计划提前24分钟到达
cgo,xmn,ZH4955,ZH,15:55,18:05,1312,1:48,21,31,阴天,40,小面积延误,21,27,多云,25,小面积延误,68.42,CA,比计划提前24分钟到达
cgo,xmn,SC8295,SC,15:55,18:05,1312,1:48,21,31,阴天,40,小面积延误,21,27,多云,25,小面积延误,68.42,CA,比计划提前24分钟到达
pek,ctu,CA4116,CA,15:00,18:10,1697,2:33,19,32,多云,28,小面积延误,19,28,多云,37,小面积延误,70.97,CA,比计划晚点36分钟到达
pek,ctu,ZH4116,ZH,15:00,18:10,1697,2:33,19,32,多云,28,小面积延误,19,28,多云,37,小面积延误,70.97,CA,比计划晚点36分钟到达
pek,ctu,HU7247,HU,15:20,18:10,1697,2:28,19,32,多云,28,小面积延误,19,28,多云,37,小面积延误,67.74,HU,比计划晚点1小时14分钟到达
pek,ctu,8L7247,8L,15:20,18:10,1697,2:28,19,32,多云,28,小面积延误,19,28,多云,37,小面积延误,67.74,HU,比计划晚点1小时14分钟到达
pek,sha,MU5390,MU,13:10,18:10,1688,3:02,19,32,多云,28,小面积延误,20,33,阴天,25,小面积延误,86.36,MU,比计划提前9分钟到达
pek,xmn,SC4678,SC,13:10,18:10,1785,3:17,19,32,多云,28,小面积延误,21,27,多云,25,小面积延误,96.77,SC,比计划提前17分钟到达
pek,xmn,CA4678,CA,13:10,18:10,1785,3:17,19,32,多云,28,小面积延误,21,27,多云,25,小面积延误,96.77,SC,比计划提前17分钟到达
bav,hgh,HU7422,HU,13:30,18:10,1551,2:45,14,30,晴天,31,流量正常,20,33,多云,29,小面积延误,96.77,HU,比计划提前5分钟到达
csx,ynt,GX8975,GX,14:25,18:10,1302,2:31,21,31,多云,39,流量正常,21,32,多云,32,小面积延误,80.65,GX,比计划提前17分钟到达
csx,ynz,MU5749,MU,16:15,18:10,1711,1:30,21,31,多云,39,流量正常,16,32,多云,30,流量正常,83.33,MU,比计划提前32分钟到达
ctu,dlc,CZ6440,CZ,13:25,18:10,1942,3:25,19,28,多云,37,小面积延误,19,30,多云,69,小面积延误,80.65,CZ,比计划晚点58分钟到达
ctu,sha,MU5412,MU,15:35,18:10,1782,2:16,19,28,多云,37,小面积延误,20,33,阴天,25,小面积延误,96.77,MU,比计划晚点54分钟到达
ctu,sha,CZ9156,CZ,15:35,18:10,1782,2:16,19,28,多云,37,小面积延误,20,33,阴天,25,小面积延误,96.77,MU,比计划晚点54分钟到达
ctu,sha,HO3688,HO,15:35,18:10,1782,2:16,19,28,多云,37,小面积延误,20,33,阴天,25,小面积延误,96.77,MU,比计划晚点54分钟到达
ctu,sha,3U5019,3U,15:35,18:10,1782,2:16,19,28,多云,37,小面积延误,20,33,阴天,25,小面积延误,96.77,MU,比计划晚点54分钟到达
ckg,can,CA4341,CA,16:00,18:10,1188,1:48,20,26,阴天,33,流量正常,24,27,多云,22,小面积延误,83.87,CA,比计划晚点17分钟到达
ckg,can,G58073,G5,16:00,18:10,1188,1:48,20,26,阴天,33,流量正常,24,27,多云,22,小面积延误,83.87,CA,比计划晚点17分钟到达
ckg,can,TV6285,TV,16:00,18:10,1188,1:48,20,26,阴天,33,流量正常,24,27,多云,22,小面积延误,83.87,CA,比计划晚点17分钟到达
ckg,can,ZH4341,ZH,16:00,18:10,1188,1:48,20,26,阴天,33,流量正常,24,27,多云,22,小面积延误,83.87,CA,比计划晚点17分钟到达
ckg,can,SC4341,SC,16:00,18:10,1188,1:48,20,26,阴天,33,流量正常,24,27,多云,22,小面积延误,83.87,CA,比计划晚点17分钟到达
ckg,kwe,GY7102,GY,14:40,18:10,1329,3:15,20,26,阴天,33,流量正常,18,26,阴天,33,小面积延误,50,GY,比计划晚点45分钟到达
ckg,tao,SC4782,SC,15:35,18:10,1577,2:20,20,26,阴天,33,流量正常,22,34,多云,55,小面积延误,74.19,SC,比计划提前22分钟到达
ckg,tao,TV6778,TV,15:35,18:10,1577,2:20,20,26,阴天,33,流量正常,22,34,多云,55,小面积延误,74.19,SC,比计划提前22分钟到达
ckg,tao,CA4782,CA,15:35,18:10,1577,2:20,20,26,阴天,33,流量正常,22,34,多云,55,小面积延误,74.19,SC,比计划提前22分钟到达
ckg,tao,G58351,G5,15:35,18:10,1577,2:20,20,26,阴天,33,流量正常,22,34,多云,55,小面积延误,74.19,SC,比计划提前22分钟到达
szx,hgh,CZ6967,CZ,11:50,14:10,1179,1:36,25,28,多云,28,小面积延误,20,33,多云,22,小面积延误,51.61,CZ,比计划提前27分钟到达
szx,hgh,MU3135,MU,11:50,14:10,1179,1:36,25,28,多云,28,小面积延误,20,33,多云,22,小面积延误,51.61,CZ,比计划提前27分钟到达
szx,hgh,MF1068,MF,11:50,14:10,1179,1:36,25,28,多云,28,小面积延误,20,33,多云,22,小面积延误,51.61,CZ,比计划提前27分钟到达
she,can,CZ6367,CZ,10:00,14:10,2672,3:29,18,35,多云,39,流量正常,24,27,多云,21,流量正常,80,CZ,比计划提前30分钟到达
she,can,MU3304,MU,10:00,14:10,2672,3:29,18,35,多云,39,流量正常,24,27,多云,21,流量正常,80,CZ,比计划提前30分钟到达
pvg,aog,FM9197,FM,11:30,14:10,1109,2:07,19,30,多云,22,小面积延误,23,35,多云,35,流量正常,93.55,FM,比计划提前22分钟到达
pvg,aog,MU9197,MU,11:30,14:10,1109,2:07,19,30,多云,22,小面积延误,23,35,多云,35,流量正常,93.55,FM,比计划提前22分钟到达
sha,pek,CZ3908,CZ,11:45,14:10,1088,2:03,20,33,多云,22,小面积延误,19,32,多云,27,小面积延误,67.74,CZ,比计划提前6分钟到达
sha,pek,MF1368,MF,11:45,14:10,1088,2:03,20,33,多云,22,小面积延误,19,32,多云,27,小面积延误,67.74,CZ,比计划提前6分钟到达
sha,pek,MU3211,MU,11:45,14:10,1088,2:03,20,33,多云,22,小面积延误,19,32,多云,27,小面积延误,67.74,CZ,比计划提前6分钟到达
sha,pek,CA1502,CA,11:55,14:10,1088,1:48,20,33,多云,22,小面积延误,19,32,多云,27,小面积延误,54.84,CA,比计划晚点2小时56分钟到达
sha,pek,HO3902,HO,11:55,14:10,1088,1:48,20,33,多云,22,小面积延误,19,32,多云,27,小面积延误,54.84,CA,比计划晚点2小时56分钟到达
sha,pek,ZH1502,ZH,11:55,14:10,1088,1:48,20,33,多云,22,小面积延误,19,32,多云,27,小面积延误,54.84,CA,比计划晚点2小时56分钟到达
pvg,ckg,MU5425,MU,11:10,14:10,1537,2:39,19,30,多云,22,小面积延误,20,26,多云,31,小面积延误,90.32,MU,飞行时长2小时39分钟
pvg,ckg,BA2325,BA,11:10,14:10,1537,2:39,19,30,多云,22,小面积延误,20,26,多云,31,小面积延误,90.32,MU,飞行时长2小时39分钟
pvg,ckg,3U5026,3U,11:10,14:10,1537,2:39,19,30,多云,22,小面积延误,20,26,多云,31,小面积延误,90.32,MU,飞行时长2小时39分钟
pvg,ckg,QF4233,QF,11:10,14:10,1537,2:39,19,30,多云,22,小面积延误,20,26,多云,31,小面积延误,90.32,MU,飞行时长2小时39分钟
pvg,she,CZ6504,CZ,11:50,14:10,1364,1:55,19,30,多云,22,小面积延误,18,35,多云,39,流量正常,87.1,CZ,比计划提前14分钟到达
sha,tyn,MU2409,MU,11:40,14:10,1238,2:01,20,33,多云,22,小面积延误,14,29,多云,21,流量正常,64.52,MU,比计划晚点26分钟到达
sha,tyn,HO3639,HO,11:40,14:10,1238,2:01,20,33,多云,22,小面积延误,14,29,多云,21,流量正常,64.52,MU,比计划晚点26分钟到达
sha,tyn,G58502,G5,11:40,14:10,1238,2:01,20,33,多云,22,小面积延误,14,29,多云,21,流量正常,64.52,MU,比计划晚点26分钟到达
sha,ynz,FM9371,FM,13:05,14:10,269,0:52,20,33,多云,22,小面积延误,16,32,阴天,33,流量正常,100,FM,飞行时长52分钟
sha,ynz,MU9371,MU,13:05,14:10,269,0:52,20,33,多云,22,小面积延误,16,32,阴天,33,流量正常,100,FM,飞行时长52分钟
sha,cgo,FM9465,FM,12:10,14:10,887,1:35,20,33,多云,22,小面积延误,21,31,阴天,41,小面积延误,100,FM,比计划提前23分钟到达
sha,cgo,MU9465,MU,12:10,14:10,887,1:35,20,33,多云,22,小面积延误,21,31,阴天,41,小面积延误,100,FM,比计划提前23分钟到达
tgo,het,G52890,G5,12:25,14:10,1090,1:31,15,35,多云,105,流量正常,17,32,多云,19,小面积延误,93.55,G5,比计划提前14分钟到达
tyn,czx,MU9764,MU,12:15,14:10,951,1:41,14,29,多云,21,流量正常,19,34,多云,34,流量正常,5.56,MU,比计划晚点1小时3分钟到达
urc,hia,MF8242,MF,9:50,14:10,2945,4:12,8,18,多云,10,小面积延误,20,33,多云,29,小面积延误,90.32,MF,比计划提前9分钟到达
urc,hia,NS8242,NS,9:50,14:10,2945,4:12,8,18,多云,10,小面积延误,20,33,多云,29,小面积延误,90.32,MF,比计划提前9分钟到达
urc,sha,FM9220,FM,9:30,14:10,3649,4:25,8,18,多云,10,小面积延误,20,33,多云,22,小面积延误,93.55,FM,比计划提前8分钟到达
urc,sha,MU9220,MU,9:30,14:10,3649,4:25,8,18,多云,10,小面积延误,20,33,多云,22,小面积延误,93.55,FM,比计划提前8分钟到达
wux,kmg,3U8762,3U,11:00,14:10,2108,2:38,21,35,多云,30,小面积延误,14,25,晴天,26,流量正常,55.17,3U,飞行时长2小时38分钟
xmn,tyn,CA8069,CA,11:15,14:10,1900,2:23,21,27,多云,25,小面积延误,14,29,多云,21,流量正常,83.87,SC,比计划晚点17分钟到达
xmn,tyn,G58416,G5,11:15,14:10,1900,2:23,21,27,多云,25,小面积延误,14,29,多云,21,流量正常,83.87,SC,比计划晚点17分钟到达
xmn,tyn,SC8069,SC,11:15,14:10,1900,2:23,21,27,多云,25,小面积延误,14,29,多云,21,流量正常,83.87,SC,比计划晚点17分钟到达
xnn,hak,HU7366,HU,8:40,14:10,2581,3:35,8,28,多云,29,小面积延误,25,32,阴天,12,小面积延误,100,HU,比计划提前34分钟到达
wut,hak,GJ8857,GJ,11:05,14:10,2090,2:55,15,30,多云,14,流量正常,25,32,阴天,12,小面积延误,72.22,GJ,飞行时长2小时55分钟
zuh,she,CA3753,CA,9:00,14:10,2488,3:57,26,29,多云,26,小面积延误,18,35,多云,39,流量正常,70.97,ZH,比计划晚点30分钟到达
zuh,she,KY9025,KY,9:00,14:10,2488,3:57,26,29,多云,26,小面积延误,18,35,多云,39,流量正常,70.97,ZH,比计划晚点30分钟到达
zuh,she,ZH8301,ZH,9:00,14:10,2488,3:57,26,29,多云,26,小面积延误,18,35,多云,39,流量正常,70.97,ZH,比计划晚点30分钟到达
cgo,hrb,3U8847,3U,11:20,14:10,1662,2:18,21,31,阴天,41,小面积延误,14,34,多云,46,流量正常,88.8,3U,比计划提前26分钟到达
cgo,uyn,CZ6631,CZ,12:40,14:10,1000,1:13,21,31,阴天,41,小面积延误,17,28,晴天,26,流量正常,88.8,CZ,比计划提前17分钟到达
cgo,uyn,MU3399,MU,12:40,14:10,1000,1:13,21,31,阴天,41,小面积延误,17,28,晴天,26,流量正常,88.8,CZ,比计划提前17分钟到达
zat,ckg,MU5865,MU,13:00,14:10,388,0:51,15,30,阴天,52,流量正常,20,26,多云,31,小面积延误,93.55,MU,比计划提前10分钟到达
pek,kwl,CN7215,CN,10:05,13:15,1887,2:33,19,32,多云,27,小面积延误,23,30,多云,40,流量正常,90.32,CN,比计划提前31分钟到达
pek,kwl,HU7215,HU,10:05,13:15,1887,2:33,19,32,多云,27,小面积延误,23,30,多云,40,流量正常,90.32,CN,比计划提前31分钟到达
pek,can,CA1315,CA,11:00,14:15,1876,2:51,19,32,多云,27,小面积延误,24,27,多云,21,流量正常,90.32,CA,比计划提前10分钟到达
pek,can,ZH1315,ZH,11:00,14:15,1876,2:51,19,32,多云,27,小面积延误,24,27,多云,21,流量正常,90.32,CA,比计划提前10分钟到达
pek,zuh,SC1157,SC,10:40,14:15,2098,3:03,19,32,多云,27,小面积延误,26,29,多云,26,小面积延误,87.1,SC,比计划提前12分钟到达
csx,dyg,G52706,G5,13:15,14:15,402,0:45,21,31,多云,35,小面积延误,17,31,中雨,33,流量正常,77.42,G5,比计划晚点23分钟到达
csx,dyg,SC3652,SC,13:15,14:15,402,0:45,21,31,多云,35,小面积延误,17,31,中雨,33,流量正常,77.42,G5,比计划晚点23分钟到达
cgq,nng,CZ6653,CZ,7:45,14:15,3248,4:29,16,34,晴天,35,流量正常,22,33,晴天,32,小面积延误,83.33,CZ,比计划提前29分钟到达
cgq,tao,CA3276,CA,12:10,14:15,1051,1:28,16,34,晴天,35,流量正常,22,34,多云,49,流量正常,93.55,HO,比计划提前16分钟到达
cgq,tao,HO1664,HO,12:10,14:15,1051,1:28,16,34,晴天,35,流量正常,22,34,多云,49,流量正常,93.55,HO,比计划提前16分钟到达
cgq,tao,MU4882,MU,12:10,14:15,1051,1:28,16,34,晴天,35,流量正常,22,34,多云,49,流量正常,93.55,HO,比计划提前16分钟到达
cif,she,GS6695,GS,13:10,14:15,424,0:48,17,34,多云,31,小面积延误,18,35,多云,39,小面积延误,90.32,GS,比计划提前1分钟到达
ctu,lxa,3U8695,3U,11:50,14:15,1307,1:52,19,28,多云,36,小面积延误,5,20,多云,9,流量正常,90.32,3U,比计划提前18分钟到达
ctu,lxa,MU4623,MU,11:50,14:15,1307,1:52,19,28,多云,36,小面积延误,5,20,多云,9,流量正常,90.32,3U,比计划提前18分钟到达
ctu,lxa,CZ4971,CZ,11:50,14:15,1307,1:52,19,28,多云,36,小面积延误,5,20,多云,9,流量正常,90.32,3U,比计划提前18分钟到达
ckg,csx,3U8951,3U,12:50,14:15,695,1:07,20,26,多云,31,小面积延误,21,31,多云,35,流量正常,96.77,3U,比计划晚点40分钟到达
ckg,csx,MF5117,MF,12:50,14:15,695,1:07,20,26,多云,31,小面积延误,21,31,多云,35,流量正常,96.77,3U,比计划晚点40分钟到达
ckg,csx,SC7083,SC,12:50,14:15,695,1:07,20,26,多云,31,小面积延误,21,31,多云,35,流量正常,96.77,3U,比计划晚点40分钟到达
ckg,hgh,CA1760,CA,12:00,14:15,1500,2:00,20,26,多云,31,小面积延误,20,33,多云,22,小面积延误,61.29,CA,飞行时长2小时0分钟
ckg,hgh,SC1760,SC,12:00,14:15,1500,2:00,20,26,多云,31,小面积延误,20,33,多云,22,小面积延误,61.29,CA,飞行时长2小时0分钟
ckg,hgh,ZH1760,ZH,12:00,14:15,1500,2:00,20,26,多云,31,小面积延误,20,33,多云,22,小面积延误,61.29,CA,飞行时长2小时0分钟
dlc,tna,MF8036,MF,13:10,14:15,670,0:51,19,30,多云,75,小面积延误,21,33,晴天,34,小面积延误,93.55,MF,比计划晚点28分钟到达
dlc,tna,3U4206,3U,13:10,14:15,670,0:51,19,30,多云,75,小面积延误,21,33,晴天,34,小面积延误,93.55,MF,比计划晚点28分钟到达
dlc,tna,NS8036,NS,13:10,14:15,670,0:51,19,30,多云,75,小面积延误,21,33,多云,34,小面积延误,93.55,MF,比计划晚点28分钟到达
doy,cgo,CA4278,CA,12:50,14:15,554,1:16,25,34,晴天,40,流量正常,21,31,阴天,41,小面积延误,88.8,CA,比计划提前4分钟到达
doy,cgo,TV6342,TV,12:50,14:15,554,1:16,25,34,晴天,40,流量正常,21,31,阴天,41,小面积延误,88.8,CA,比计划提前4分钟到达
doy,cgo,ZH4278,ZH,12:50,14:15,554,1:16,25,34,晴天,40,流量正常,21,31,阴天,41,小面积延误,88.8,CA,比计划提前4分钟到达
kwe,hrb,CZ6169,CZ,7:45,14:15,3629,4:56,18,26,多云,32,小面积延误,14,34,多云,46,流量正常,65.52,CZ,飞行时长4小时56分钟
kwe,hrb,3U3115,3U,7:45,14:15,3629,4:56,18,26,多云,32,小面积延误,14,34,多云,46,流量正常,65.52,CZ,飞行时长4小时56分钟
kwe,hrb,MF1039,MF,7:45,14:15,3629,4:56,18,26,多云,32,小面积延误,14,34,多云,46,流量正常,65.52,CZ,飞行时长4小时56分钟
hak,swa,GS6452,GS,13:10,14:45,907,1:13,25,32,阴天,12,小面积延误,22,27,多云,18,流量正常,77.18,GS,比计划提前8分钟到达
hak,khn,JD5511,JD,12:05,14:15,1204,1:50,25,32,阴天,12,小面积延误,20,29,多云,16,小面积延误,58.06,JD,比计划晚点23分钟到达
hrb,kwl,3U8545,3U,8:15,14:15,3505,4:26,14,34,多云,46,流量正常,23,30,多云,40,小面积延误,88.8,3U,飞行时长4小时26分钟
hrb,kwl,G58637,G5,8:15,14:15,3505,4:26,14,34,多云,46,流量正常,23,30,多云,40,小面积延误,88.8,3U,飞行时长4小时26分钟
hrb,pvg,MU5616,MU,9:20,14:15,1694,2:57,14,34,多云,46,流量正常,19,30,多云,22,小面积延误,90.32,MU,比计划提前49分钟到达
het,cif,CA1627,CA,13:00,14:15,639,1:03,17,32,多云,19,小面积延误,17,34,多云,31,小面积延误,83.33,CA,比计划提前5分钟到达
het,cif,G58031,G5,13:00,14:15,639,1:03,17,32,多云,19,小面积延误,17,34,多云,31,小面积延误,83.33,CA,比计划提前5分钟到达
het,cif,ZH1627,ZH,13:00,14:15,639,1:03,17,32,多云,19,小面积延误,17,34,多云,31,小面积延误,83.33,CA,比计划提前5分钟到达
het,she,GS6695,GS,10:45,14:15,1063,1:54,17,32,多云,19,小面积延误,18,35,多云,39,小面积延误,90.32,GS,比计划提前1分钟到达
hgh,hrb,CZ6169,CZ,11:05,14:15,2091,2:57,20,33,多云,22,小面积延误,14,34,多云,46,流量正常,63.33,CZ,飞行时长2小时57分钟
hgh,hrb,MF1039,MF,11:05,14:15,2091,2:57,20,33,多云,22,小面积延误,14,34,多云,46,流量正常,63.33,CZ,飞行时长2小时57分钟
hgh,hrb,3U3115,3U,11:05,14:15,2091,2:57,20,33,多云,22,小面积延误,14,34,多云,46,流量正常,63.33,CZ,飞行时长2小时57分钟
hgh,tyn,G58539,G5,12:05,14:15,1180,1:52,20,33,多云,22,小面积延误,14,29,多云,21,流量正常,51.61,MU,比计划晚点57分钟到达
hgh,tyn,MU5236,MU,12:05,14:15,1180,1:52,20,33,多云,22,小面积延误,14,29,多云,21,流量正常,51.61,MU,比计划晚点57分钟到达
mig,wuh,CZ5813,CZ,12:20,14:15,919,1:54,21,27,阴天,50,流量正常,18,31,阴天,42,小面积延误,30,MF,比计划晚点14分钟到达
mig,wuh,MF8488,MF,12:20,14:15,919,1:54,21,27,阴天,50,流量正常,18,31,阴天,42,小面积延误,30,MF,比计划晚点14分钟到达
mig,wuh,MU4456,MU,12:20,14:15,919,1:54,21,27,阴天,50,流量正常,18,31,阴天,42,小面积延误,30,MF,比计划晚点14分钟到达
mig,wuh,NS8488,NS,12:20,14:15,919,1:54,21,27,阴天,50,流量正常,18,31,阴天,42,小面积延误,30,MF,比计划晚点14分钟到达
nng,hrb,CZ6317,CZ,8:10,14:15,3227,4:25,22,33,晴天,32,小面积延误,14,34,多云,46,流量正常,93.55,CZ,比计划提前1分钟到达
nng,sha,FM9340,FM,11:35,14:15,1750,2:19,22,33,晴天,32,小面积延误,21,33,多云,22,小面积延误,90.32,FM,比计划提前11分钟到达
nng,sha,MU9340,MU,11:35,14:15,1750,2:19,22,33,晴天,32,小面积延误,21,33,多云,22,小面积延误,90.32,FM,比计划提前11分钟到达
nkg,can,ZH9858,ZH,12:00,14:15,1255,1:39,18,35,多云,33,小面积延误,24,27,多云,21,小面积延误,25.81,ZH,比计划晚点3小时9分钟到达
nkg,can,CA3876,CA,12:00,14:15,1255,1:39,18,35,多云,33,小面积延误,24,27,多云,21,小面积延误,25.81,ZH,比计划晚点3小时9分钟到达
nkg,can,KY9858,KY,12:00,14:15,1255,1:39,18,35,多云,33,小面积延误,24,27,多云,21,小面积延误,25.81,ZH,比计划晚点3小时9分钟到达
nao,kmg,MU5437,MU,12:40,14:15,698,1:16,21,26,多云,56,流量正常,14,25,晴天,26,小面积延误,90.32,MU,比计划提前14分钟到达
ngb,szx,CZ6592,CZ,12:00,14:15,1237,1:38,17,30,多云,18,小面积延误,25,28,多云,28,小面积延误,64.52,CZ,比计划晚点42分钟到达
ngb,szx,MF1471,MF,12:00,14:15,1237,1:38,17,30,多云,18,小面积延误,25,28,多云,28,小面积延误,64.52,CZ,比计划晚点42分钟到达
ngb,szx,MU3298,MU,12:00,14:15,1237,1:38,17,30,多云,18,小面积延误,25,28,多云,28,小面积延误,64.52,CZ,比计划晚点42分钟到达
tao,dqa,CZ9179,CZ,12:10,14:15,1250,2:00,22,34,多云,49,小面积延误,16,34,晴天,28,流量正常,83.33,MU,比计划晚点20分钟到达
tao,dqa,MU5529,MU,12:10,14:15,1250,2:00,22,34,多云,49,小面积延误,16,34,晴天,28,流量正常,83.33,MU,比计划晚点20分钟到达
jjn,hak,3U4217,3U,12:30,14:15,995,1:35,20,28,晴天,25,小面积延误,25,32,阴天,12,小面积延误,54.84,MF,比计划晚点1小时55分钟到达
jjn,hak,MF8143,MF,12:30,14:15,995,1:35,20,28,晴天,25,小面积延误,25,32,阴天,12,小面积延误,54.84,MF,比计划晚点1小时55分钟到达
jjn,hak,NS8143,NS,12:30,14:15,995,1:35,20,28,晴天,25,小面积延误,25,32,阴天,12,小面积延误,54.84,MF,比计划晚点1小时55分钟到达
sha,dqa,CZ9179,CZ,9:05,14:15,1943,3:16,21,33,多云,22,小面积延误,16,34,晴天,28,流量正常,83.33,MU,比计划晚点20分钟到达
sha,dqa,MU5529,MU,9:05,14:15,1943,3:16,21,33,多云,22,小面积延误,16,34,晴天,28,流量正常,83.33,MU,比计划晚点20分钟到达
sha,can,CZ3524,CZ,11:50,14:15,1308,1:46,21,33,多云,22,小面积延误,24,27,多云,21,小面积延误,67.74,CZ,比计划晚点45分钟到达
sha,can,MU3226,MU,11:50,14:15,1308,1:46,21,33,多云,22,小面积延误,24,27,多云,21,小面积延误,67.74,CZ,比计划晚点45分钟到达
sha,can,3U3196,3U,11:50,14:15,1308,1:46,21,33,多云,22,小面积延误,24,27,多云,21,小面积延误,67.74,CZ,比计划晚点45分钟到达
sha,can,MF1592,MF,11:50,14:15,1308,1:46,21,33,多云,22,小面积延误,24,27,多云,21,小面积延误,67.74,CZ,比计划晚点45分钟到达
pvg,jnz,HO3601,HO,12:00,14:15,1267,1:45,19,30,多云,22,小面积延误,18,32,多云,36,流量正常,80.65,MU,比计划提前11分钟到达
pvg,jnz,MU2669,MU,12:00,14:15,1267,1:45,19,30,多云,22,小面积延误,18,32,多云,36,流量正常,80.65,MU,比计划提前11分钟到达
pvg,kmg,MU5437,MU,8:35,14:15,2179,3:44,19,30,多云,22,小面积延误,14,25,晴天,26,小面积延误,90.32,MU,比计划提前14分钟到达
tyn,kwl,3U8545,3U,12:00,14:15,1791,2:04,14,29,多云,21,流量正常,23,30,多云,40,小面积延误,88.8,3U,飞行时长2小时4分钟
tyn,kwl,G58637,G5,12:00,14:15,1791,2:04,14,29,多云,21,流量正常,23,30,多云,40,小面积延误,88.8,3U,飞行时长2小时4分钟
tsn,can,GS7895,GS,11:15,14:15,1910,2:41,23,35,多云,43,小面积延误,24,27,多云,21,小面积延误,54.84,GS,比计划提前2分钟到达
tsn,hak,3U4217,3U,9:05,14:15,2778,4:05,23,35,多云,43,小面积延误,25,32,阴天,12,小面积延误,54.84,MF,比计划晚点1小时55分钟到达
tsn,hak,MF8143,MF,9:05,14:15,2778,4:05,23,35,多云,43,小面积延误,25,32,阴天,12,小面积延误,54.84,MF,比计划晚点1小时55分钟到达
tsn,hak,NS8143,NS,9:05,14:15,2778,4:05,23,35,多云,43,小面积延误,25,32,阴天,12,小面积延误,54.84,MF,比计划晚点1小时55分钟到达
tsn,nng,CZ6653,CZ,10:45,14:15,2135,2:57,23,35,多云,43,小面积延误,22,33,晴天,32,小面积延误,75,CZ,比计划提前29分钟到达
tsn,ntg,CA3538,CA,12:25,14:15,850,1:38,23,35,多云,43,小面积延误,20,34,多云,27,流量正常,64.52,ZH,比计划晚点15分钟到达
tsn,ntg,KY9196,KY,12:25,14:15,850,1:38,23,35,多云,43,小面积延误,20,34,多云,27,流量正常,64.52,ZH,比计划晚点15分钟到达
tsn,ntg,ZH8748,ZH,12:25,14:15,850,1:38,23,35,多云,43,小面积延误,20,34,多云,27,流量正常,64.52,ZH,比计划晚点15分钟到达
tsn,tyn,CA1441,CA,13:00,14:15,435,0:53,23,35,多云,43,小面积延误,14,29,多云,21,流量正常,76.67,CA,比计划提前10分钟到达
tsn,tyn,G58163,G5,13:00,14:15,435,0:53,23,35,多云,43,小面积延误,14,29,多云,21,流量正常,76.67,CA,比计划提前10分钟到达
tsn,tyn,ZH1441,ZH,13:00,14:15,435,0:53,23,35,多云,43,小面积延误,14,29,多云,21,流量正常,76.67,CA,比计划提前10分钟到达
wuh,hrb,CZ6317,CZ,11:10,14:15,2128,2:46,18,31,阴天,42,小面积延误,14,34,多云,43,流量正常,96.77,CZ,比计划提前1分钟到达
xmn,ctu,MF8441,MF,11:20,14:15,1911,2:37,21,27,多云,25,小面积延误,19,28,多云,36,小面积延误,96.77,MF,比计划提前10分钟到达
xmn,ctu,3U4267,3U,11:20,14:15,1911,2:37,21,27,多云,25,小面积延误,19,28,多云,36,小面积延误,96.77,MF,比计划提前10分钟到达
xmn,ctu,NS8441,NS,11:20,14:15,1911,2:37,21,27,多云,25,小面积延误,19,28,多云,36,小面积延误,96.77,MF,比计划提前10分钟到达
xmn,sjw,MF7054,MF,11:25,14:15,1786,2:21,21,27,多云,25,小面积延误,23,33,晴天,36,小面积延误,74.19,NS,比计划提前21分钟到达
xmn,sjw,NS3264,NS,11:25,14:15,1786,2:21,21,27,多云,25,小面积延误,23,33,晴天,36,小面积延误,74.19,NS,比计划提前21分钟到达
ykh,pvg,MU5616,MU,11:55,14:15,1047,1:41,19,34,多云,26,流量正常,19,30,阴天,22,小面积延误,87.1,MU,比计划提前49分钟到达
zha,xmn,FM9536,FM,12:30,14:15,878,1:19,25,33,多云,10,小面积延误,21,27,多云,25,小面积延误,87.1,FM,比计划提前11分钟到达
zha,xmn,MU9536,MU,12:30,14:15,878,1:19,25,33,多云,10,小面积延误,21,27,多云,25,小面积延误,87.1,FM,比计划提前11分钟到达
aog,pek,CZ6113,CZ,12:50,14:20,557,1:12,23,35,多云,35,流量正常,19,32,多云,28,小面积延误,90.32,CZ,比计划提前21分钟到达
aog,pek,MU3001,MU,12:50,14:20,557,1:12,23,35,多云,35,流量正常,19,32,多云,28,小面积延误,90.32,CZ,比计划提前21分钟到达
pek,ctu,3U8882,3U,11:20,14:20,1697,2:31,19,32,多云,28,小面积延误,19,28,多云,36,小面积延误,93.55,3U,比计划晚点14分钟到达
pek,ctu,EU7054,EU,11:20,14:20,1697,2:31,19,32,多云,28,小面积延误,19,28,多云,36,小面积延误,93.55,3U,比计划晚点14分钟到达
pek,ctu,MF5092,MF,11:20,14:20,1697,2:31,19,32,多云,28,小面积延误,19,28,多云,36,小面积延误,93.55,3U,比计划晚点14分钟到达
pek,ctu,CZ9644,CZ,11:20,14:20,1697,2:31,19,32,多云,28,小面积延误,19,28,多云,36,小面积延误,93.55,3U,比计划晚点14分钟到达
pek,kmg,CA1487,CA,9:05,14:20,2165,3:34,19,32,多云,28,小面积延误,14,25,晴天,26,小面积延误,96.77,CA,比计划提前27分钟到达
pek,kmg,SC1487,SC,9:05,14:20,2165,3:34,19,32,多云,28,小面积延误,14,25,晴天,26,小面积延误,96.77,CA,比计划提前27分钟到达
pek,kmg,ZH1487,ZH,9:05,14:20,2165,3:34,19,32,多云,28,小面积延误,14,25,晴天,26,小面积延误,96.77,CA,比计划提前27分钟到达
pek,sha,MU5110,MU,12:00,14:20,1088,1:44,19,32,多云,28,小面积延误,20,33,阴天,25,小面积延误,96.77,MU,比计划晚点15分钟到达
pek,sha,CZ9062,CZ,12:00,14:20,1088,1:44,19,32,多云,28,小面积延误,20,33,阴天,25,小面积延误,96.77,MU,比计划晚点15分钟到达
ctu,dlc,CA8972,CA,11:25,14:20,1989,2:35,19,28,多云,37,小面积延误,19,30,多云,69,小面积延误,93.55,CA,比计划提前12分钟到达
ctu,dlc,G58128,G5,11:25,14:20,1989,2:35,19,28,多云,37,小面积延误,19,30,多云,69,小面积延误,93.55,CA,比计划提前12分钟到达
ctu,dlc,SC8972,SC,11:25,14:20,1989,2:35,19,28,多云,37,小面积延误,19,30,多云,69,小面积延误,93.55,CA,比计划提前12分钟到达
ctu,dlc,ZH4672,ZH,11:25,14:20,1989,2:35,19,28,多云,37,小面积延误,19,30,多云,69,小面积延误,93.55,CA,比计划提前12分钟到达
ctu,dlc,TV6492,TV,11:25,14:20,1989,2:35,19,28,多云,37,小面积延误,19,30,多云,69,小面积延误,93.55,CA,比计划提前12分钟到达
ctu,can,CZ3402,CZ,11:50,14:20,1390,1:51,19,28,多云,37,小面积延误,24,27,多云,22,小面积延误,90.32,CZ,比计划提前34分钟到达
ctu,can,3U3172,3U,11:50,14:20,1390,1:51,19,28,多云,37,小面积延误,24,27,多云,22,小面积延误,90.32,CZ,比计划提前34分钟到达
ctu,can,MF1548,MF,11:50,14:20,1390,1:51,19,28,多云,37,小面积延误,24,27,多云,22,小面积延误,90.32,CZ,比计划提前34分钟到达
ctu,can,CA4317,CA,12:00,14:20,1390,2:00,19,28,多云,37,小面积延误,24,27,多云,22,小面积延误,83.87,CA,飞行时长2小时0分钟
ctu,can,ZH4317,ZH,12:00,14:20,1390,2:00,19,28,多云,37,小面积延误,24,27,多云,22,小面积延误,83.87,CA,飞行时长2小时0分钟
ctu,can,TV6281,TV,12:00,14:20,1390,2:00,19,28,多云,37,小面积延误,24,27,多云,22,小面积延误,83.87,CA,飞行时长2小时0分钟
ctu,xmn,MF8402,MF,11:35,14:20,1911,2:16,19,28,多云,37,小面积延误,21,27,多云,25,小面积延误,93.55,MF,比计划提前25分钟到达
ctu,xmn,NS8402,NS,11:35,14:20,1911,2:16,19,28,多云,37,小面积延误,21,27,多云,25,小面积延误,93.55,MF,比计划提前25分钟到达
ctu,xmn,3U4248,3U,11:35,14:20,1911,2:16,19,28,多云,37,小面积延误,21,27,多云,25,小面积延误,93.55,MF,比计划提前25分钟到达
ckg,hdg,G52797,G5,12:40,14:20,1174,1:35,20,26,阴天,33,流量正常,24,31,晴天,37,流量正常,94.44,G5,比计划提前7分钟到达
ckg,nkg,MU2846,MU,12:10,14:20,1305,2:10,20,26,阴天,33,流量正常,18,35,多云,33,小面积延误,70.97,MU,比计划晚点31分钟到达
ckg,nkg,3U5055,3U,12:10,14:20,1305,2:10,20,26,阴天,33,流量正常,18,35,多云,33,小面积延误,70.97,MU,比计划晚点31分钟到达
dlc,can,CZ6199,CZ,10:45,14:20,2285,3:00,19,30,多云,69,小面积延误,24,27,多云,22,小面积延误,94.44,CZ,比计划提前22分钟到达
dax,kmg,CA1487,CA,12:40,14:20,820,1:23,21,28,多云,74,流量正常,14,25,晴天,29,小面积延误,96.77,CA,比计划提前27分钟到达
dax,kmg,KY1487,KY,12:40,14:20,820,1:23,21,28,多云,74,流量正常,14,25,晴天,29,小面积延误,96.77,CA,比计划提前27分钟到达
dax,kmg,SC1487,SC,12:40,14:20,820,1:23,21,28,多云,74,流量正常,14,25,晴天,29,小面积延误,96.77,CA,比计划提前27分钟到达
dax,kmg,ZH1487,ZH,12:40,14:20,820,1:23,21,28,多云,74,流量正常,14,25,晴天,29,小面积延误,96.77,CA,比计划提前27分钟到达
dqa,can,CZ6199,CZ,8:00,14:20,3199,4:35,16,34,晴天,32,流量正常,24,27,多云,22,小面积延误,94.44,CZ,比计划提前22分钟到达
can,zha,CZ3327,CZ,12:55,14:10,454,0:50,24,27,多云,22,小面积延误,25,33,多云,10,小面积延误,83.87,CZ,比计划晚点1小时14分钟到达
kwe,wuh,CA4876,CA,12:30,14:20,925,1:22,18,26,阴天,33,小面积延误,18,31,阴天,49,小面积延误,96.3,SC,比计划提前3分钟到达
kwe,wuh,G58365,G5,12:30,14:20,925,1:22,18,26,阴天,33,小面积延误,18,31,阴天,49,小面积延误,96.3,SC,比计划提前3分钟到达
kwe,wuh,SC4876,SC,12:30,14:20,925,1:22,18,26,阴天,33,小面积延误,18,31,阴天,49,小面积延误,96.3,SC,比计划提前3分钟到达
het,cif,GS6685,GS,12:00,13:15,639,1:08,17,32,晴天,23,小面积延误,17,34,多云,25,小面积延误,83.87,GS,比计划晚点19分钟到达
het,tgo,CA8391,CA,12:40,14:20,1090,1:23,17,32,晴天,23,小面积延误,15,35,多云,84,流量正常,96.77,CA,飞行时长1小时23分钟
het,tgo,ZH4029,ZH,12:40,14:20,1090,1:23,17,32,晴天,23,小面积延误,15,35,多云,84,流量正常,96.77,CA,飞行时长1小时23分钟
hgh,ckg,CZ8180,CZ,11:45,14:20,1500,2:17,20,33,多云,29,小面积延误,20,26,阴天,33,流量正常,61.29,CZ,比计划晚点20分钟到达
hgh,ckg,OQ2380,OQ,11:45,14:20,1500,2:17,20,33,多云,29,小面积延误,20,26,阴天,33,流量正常,61.29,CZ,比计划晚点20分钟到达
hgh,hrb,GJ8019,GJ,9:10,14:20,335,4:05,20,33,多云,29,小面积延误,14,34,多云,43,流量正常,71.43,GJ,飞行时长4小时5分钟
hgh,lya,GJ8075,GJ,13:00,14:50,875,1:34,20,33,多云,29,小面积延误,21,31,阴天,34,流量正常,100,GJ,比计划提前9分钟到达
tna,inc,CA4911,CA,12:10,14:20,1367,1:48,21,33,多云,33,小面积延误,17,32,晴天,17,流量正常,96.77,SC,比计划提前8分钟到达
tna,inc,G58370,G5,12:10,14:20,1367,1:48,21,33,多云,33,小面积延误,17,32,晴天,17,流量正常,96.77,SC,比计划提前8分钟到达
tna,inc,SC4911,SC,12:10,14:20,1367,1:48,21,33,多云,33,小面积延误,17,32,晴天,17,流量正常,96.77,SC,比计划提前8分钟到达
jic,lhw,CA3263,CA,13:30,14:20,700,0:39,10,28,晴天,15,流量正常,8,30,晴天,20,流量正常,77.18,HO,比计划晚点12分钟到达
jic,lhw,HO1102,HO,13:30,14:20,700,0:39,10,28,晴天,15,流量正常,8,30,晴天,20,流量正常,77.18,HO,比计划晚点12分钟到达
jic,lhw,MU4818,MU,13:30,14:20,700,0:39,10,28,晴天,15,流量正常,8,30,晴天,20,流量正常,77.18,HO,比计划晚点12分钟到达
swa,csx,CZ8154,CZ,12:50,14:20,878,1:17,22,27,多云,22,流量正常,21,31,多云,39,流量正常,83.87,CZ,比计划提前1分钟到达
swa,csx,OQ2354,OQ,12:50,14:20,878,1:17,22,27,多云,22,流量正常,21,31,多云,39,流量正常,83.87,CZ,比计划提前1分钟到达
kmg,cgq,GJ8973,GJ,7:35,14:20,3828,5:06,14,25,晴天,29,小面积延误,16,34,晴天,36,小面积延误,100,GJ,比计划提前5分钟到达
kmg,lnj,MU5965,MU,12:15,13:15,309,0:41,14,25,晴天,29,小面积延误,18,29,晴天,34,小面积延误,83.33,MU,比计划提前14分钟到达
kmg,tyn,MU2144,MU,11:30,14:20,1762,2:17,14,25,晴天,29,小面积延误,14,29,多云,30,流量正常,90.32,MU,比计划提前26分钟到达
ljg,hgh,CA1916,CA,11:05,14:20,2305,2:39,14,25,晴天,9,流量正常,20,33,多云,29,小面积延误,90.32,CA,比计划提前34分钟到达
ljg,hgh,ZH1916,ZH,11:05,14:20,2305,2:39,14,25,晴天,9,流量正常,20,33,多云,29,小面积延误,90.32,CA,比计划提前34分钟到达
nkg,ctu,3U8924,3U,11:45,14:20,1618,2:05,18,35,多云,36,小面积延误,19,28,多云,37,小面积延误,70.97,3U,比计划提前14分钟到达
nkg,ctu,ZH3818,ZH,11:45,14:20,1618,2:05,18,35,多云,36,小面积延误,19,28,多云,37,小面积延误,70.97,3U,比计划提前14分钟到达
nkg,ctu,MU3902,MU,11:45,14:20,1618,2:05,18,35,多云,36,小面积延误,19,28,多云,37,小面积延误,70.97,3U,比计划提前14分钟到达
khn,kow,8L9844,8L,13:15,14:20,314,0:48,20,29,多云,16,小面积延误,22,27,多云,17,流量正常,100,8L,比计划提前15分钟到达
khn,tyn,CZ3583,CZ,12:30,14:20,1054,1:39,20,29,多云,16,小面积延误,14,29,多云,30,流量正常,83.87,CZ,比计划晚点22分钟到达
ngb,aqg,8L9960,8L,13:00,14:20,433,1:00,17,30,多云,16,小面积延误,20,31,多云,29,流量正常,83.33,8L,比计划晚点11分钟到达
ngb,kmg,3U8866,3U,11:15,14:20,1948,2:35,17,30,多云,16,小面积延误,14,25,晴天,29,小面积延误,82.76,3U,比计划提前18分钟到达
ngb,kmg,MU4004,MU,11:15,14:20,1948,2:35,17,30,多云,16,小面积延误,14,25,晴天,29,小面积延误,82.76,3U,比计划提前18分钟到达
tao,cgo,CA4755,CA,12:30,14:20,741,1:22,22,34,多云,55,小面积延误,21,31,阴天,40,小面积延误,93.55,SC,比计划提前22分钟到达
tao,cgo,G58340,G5,12:30,14:20,741,1:22,22,34,多云,55,小面积延误,21,31,阴天,40,小面积延误,93.55,SC,比计划提前22分钟到达
tao,cgo,SC4755,SC,12:30,14:20,741,1:22,22,34,多云,55,小面积延误,21,31,阴天,40,小面积延误,93.55,SC,比计划提前22分钟到达
szx,she,ZH9603,ZH,10:25,14:20,2671,3:19,25,28,多云,29,小面积延误,18,35,多云,43,小面积延误,96.77,ZH,比计划提前21分钟到达
szx,she,KY9603,KY,10:25,14:20,2671,3:19,25,28,多云,29,小面积延误,18,35,多云,43,小面积延误,96.77,ZH,比计划提前21分钟到达
szx,she,CA3625,CA,10:25,14:20,2671,3:19,25,28,多云,29,小面积延误,18,35,多云,43,小面积延误,96.77,ZH,比计划提前21分钟到达
szx,tyn,CZ3583,CZ,9:55,14:20,1807,2:53,25,28,多云,29,小面积延误,14,29,多云,30,流量正常,83.87,CZ,比计划晚点22分钟到达
szx,wux,ZH9807,ZH,12:05,14:20,1368,2:05,25,28,多云,29,小面积延误,21,35,多云,38,小面积延误,45.16,ZH,飞行时长2小时5分钟
szx,wux,KY9807,KY,12:05,14:20,1368,2:05,25,28,多云,29,小面积延误,21,35,多云,38,小面积延误,45.16,ZH,飞行时长2小时5分钟
szx,wux,CA3593,CA,12:05,14:20,1368,2:05,25,28,多云,29,小面积延误,21,35,多云,38,小面积延误,45.16,ZH,飞行时长2小时5分钟
syx,sha,FM9538,FM,11:15,14:20,2050,3:07,27,33,多云,14,小面积延误,21,33,阴天,25,小面积延误,90.32,FM,准点到达
syx,sha,MU9538,MU,11:15,14:20,2050,3:07,27,33,多云,14,小面积延误,21,33,阴天,25,小面积延误,90.32,FM,准点到达
sha,lnj,MU5965,MU,7:40,13:15,2351,3:37,21,33,阴天,25,小面积延误,18,29,晴天,34,小面积延误,80.66,MU,比计划提前14分钟到达
pvg,szx,ZH9502,ZH,11:35,14:20,1343,2:04,19,30,阴天,25,小面积延误,25,28,多云,29,小面积延误,87.1,ZH,比计划晚点30分钟到达
pvg,szx,KY9502,KY,11:35,14:20,1343,2:04,19,30,阴天,25,小面积延误,25,28,多云,29,小面积延误,87.1,ZH,比计划晚点30分钟到达
pvg,szx,3U4052,3U,11:35,14:20,1343,2:04,19,30,阴天,25,小面积延误,25,28,多云,29,小面积延误,87.1,ZH,比计划晚点30分钟到达
pvg,szx,CA3802,CA,11:35,14:20,1343,2:04,19,30,阴天,25,小面积延误,25,28,多云,29,小面积延误,87.1,ZH,比计划晚点30分钟到达
pvg,szx,HO3952,HO,11:35,14:20,1343,2:04,19,30,阴天,25,小面积延误,25,28,多云,29,小面积延误,87.1,ZH,比计划晚点30分钟到达
tsn,ljg,JD5740,JD,10:45,14:20,2107,3:11,23,35,多云,45,小面积延误,14,25,晴天,9,流量正常,51.61,JD,比计划提前17分钟到达
wuh,ljg,GJ8867,GJ,11:50,14:20,1450,2:20,18,31,阴天,49,小面积延误,14,25,晴天,9,流量正常,54.84,GJ,比计划晚点54分钟到达
wuh,urc,MU2461,MU,8:05,14:20,3041,4:19,18,31,阴天,49,小面积延误,10,20,多云,10,小面积延误,93.55,MU,比计划提前31分钟到达
wnz,txn,FM9243,FM,13:25,14:20,324,0:46,18,29,多云,14,小面积延误,17,36,多云,26,流量正常,71.43,FM,比计划提前11分钟到达
wnz,txn,MU9243,MU,13:25,14:20,324,0:46,18,29,多云,14,小面积延误,17,36,多云,26,流量正常,71.43,FM,比计划提前11分钟到达
wnz,ljg,GJ8867,GJ,9:05,14:20,2200,3:42,18,29,多云,14,小面积延误,14,25,晴天,9,流量正常,54.84,GJ,比计划晚点54分钟到达
xmn,csx,MF8225,MF,12:45,14:20,873,1:08,21,27,多云,25,小面积延误,21,32,多云,39,流量正常,70,MF,比计划晚点21分钟到达
xmn,csx,NS8225,NS,12:45,14:20,873,1:08,21,27,多云,25,小面积延误,21,32,多云,39,流量正常,70,MF,比计划晚点21分钟到达
xmn,nkg,MF8513,MF,12:30,14:20,929,1:21,21,27,多云,25,小面积延误,18,35,多云,36,小面积延误,51.61,MF,比计划提前10分钟到达
xuz,can,CZ3636,CZ,11:55,14:20,1400,1:53,21,32,多云,32,小面积延误,24,27,多云,22,小面积延误,41.94,CZ,比计划晚点1小时23分钟到达
inc,cgq,GJ8973,GJ,11:35,14:20,2162,2:41,17,32,晴天,17,流量正常,16,34,晴天,36,小面积延误,100,GJ,比计划提前5分钟到达
ycu,nkg,MF8190,MF,12:45,14:20,803,1:42,19,33,多云,26,流量正常,18,35,多云,36,小面积延误,70.97,MF,比计划晚点25分钟到达
ycu,nkg,NS8190,NS,12:45,14:20,803,1:42,19,33,多云,26,流量正常,18,35,多云,36,小面积延误,70.97,MF,比计划晚点25分钟到达
zuh,nkg,MU2951,MU,12:05,14:20,1544,1:58,26,29,多云,27,小面积延误,18,35,多云,36,小面积延误,61.29,MU,比计划晚点2小时37分钟到达
cgo,jjn,PN6281,PN,12:05,14:20,1320,1:58,21,31,阴天,40,小面积延误,20,28,多云,22,小面积延误,90.32,PN,比计划晚点2小时7分钟到达
aqg,hak,HU7682,HU,12:05,14:25,1353,2:16,20,31,多云,29,流量正常,25,32,多云,13,小面积延误,80.2,HU,比计划晚点24分钟到达
pek,hak,HU7682,HU,9:10,14:25,2391,4:04,19,32,多云,28,流量正常,25,32,多云,13,小面积延误,92.59,HU,比计划晚点24分钟到达
pek,she,CA1657,CA,12:50,14:25,649,1:06,19,32,多云,28,流量正常,18,35,多云,43,小面积延误,100,CA,比计划提前16分钟到达
pek,she,ZH1657,ZH,12:50,14:25,649,1:06,19,32,多云,28,流量正常,18,35,多云,43,小面积延误,100,CA,比计划提前16分钟到达
pek,she,NZ3961,NZ,12:50,14:25,649,1:06,19,32,多云,28,流量正常,18,35,多云,43,小面积延误,100,CA,比计划提前16分钟到达
bhy,cgo,RY8960,RY,11:40,14:25,1547,2:15,26,32,阴天,3,流量正常,21,31,阴天,40,小面积延误,93.33,RY,比计划提前36分钟到达
csx,bhy,MF7093,MF,12:45,14:25,1042,1:21,21,32,多云,39,流量正常,26,32,阴天,3,流量正常,64.52,NS,比计划提前7分钟到达
csx,bhy,NS3321,NS,12:45,14:25,1042,1:21,21,32,多云,39,流量正常,26,32,阴天,3,流量正常,64.52,NS,比计划提前7分钟到达
cgq,swa,FM9505,FM,8:30,14:25,2671,4:09,16,34,晴天,36,小面积延误,22,27,多云,22,流量正常,50,FM,比计划提前13分钟到达
cgq,swa,MU9505,MU,8:30,14:25,2671,4:09,16,34,晴天,36,小面积延误,22,27,多云,22,流量正常,50,FM,比计划提前13分钟到达
cif,het,Y87589,Y8,13:00,14:25,639,1:06,17,34,多云,25,小面积延误,17,32,晴天,23,小面积延误,80.65,Y8,比计划晚点29分钟到达
ctu,pek,3U8885,3U,11:30,14:25,1697,2:19,19,28,多云,37,小面积延误,19,32,多云,28,流量正常,70.97,3U,比计划提前25分钟到达
ctu,pek,MF5095,MF,11:30,14:25,1697,2:19,19,28,多云,37,小面积延误,19,32,多云,28,流量正常,70.97,3U,比计划提前25分钟到达
ctu,pek,CZ9647,CZ,11:30,14:25,1697,2:19,19,28,多云,37,小面积延误,19,32,多云,28,流量正常,70.97,3U,比计划提前25分钟到达
ctu,foc,3U4266,3U,11:40,14:25,1771,2:23,19,28,多云,37,小面积延误,19,25,多云,19,小面积延误,83.87,MF,飞行时长2小时23分钟
ctu,foc,MF8436,MF,11:40,14:25,1771,2:23,19,28,多云,37,小面积延误,19,25,多云,19,小面积延误,83.87,MF,飞行时长2小时23分钟
ctu,foc,NS8436,NS,11:40,14:25,1771,2:23,19,28,多云,37,小面积延误,19,25,多云,19,小面积延误,83.87,MF,飞行时长2小时23分钟
ctu,khn,MF2008,MF,12:10,14:25,1240,2:01,19,28,多云,37,小面积延误,20,29,多云,16,小面积延误,100,RY,飞行时长2小时1分钟
ctu,khn,RY6666,RY,12:10,14:25,1240,2:01,19,28,多云,37,小面积延误,20,29,多云,16,小面积延误,100,RY,飞行时长2小时1分钟
ctu,ntg,DZ6302,DZ,11:35,14:25,1638,2:17,19,28,多云,37,小面积延误,20,34,多云,33,流量正常,64.52,DZ,比计划提前34分钟到达
ctu,pzi,3U8651,3U,12:55,14:25,700,1:04,19,28,多云,37,小面积延误,23,38,晴天,23,流量正常,87.1,3U,比计划提前22分钟到达
ctu,pzi,CZ4961,CZ,12:55,14:25,700,1:04,19,28,多云,37,小面积延误,23,38,晴天,23,流量正常,87.1,3U,比计划提前22分钟到达
ctu,pzi,EU7043,EU,12:55,14:25,700,1:04,19,28,多云,37,小面积延误,23,38,晴天,23,流量正常,87.1,3U,比计划提前22分钟到达
ctu,pzi,ZH3891,ZH,12:55,14:25,700,1:04,19,28,多云,37,小面积延误,23,38,晴天,23,流量正常,87.1,3U,比计划提前22分钟到达
ctu,tsn,CA1428,CA,12:05,14:25,1640,2:10,19,28,多云,37,小面积延误,23,35,多云,45,小面积延误,96.77,CA,比计划提前15分钟到达
ctu,tsn,G58021,G5,12:05,14:25,1640,2:10,19,28,多云,37,小面积延误,23,35,多云,45,小面积延误,96.77,CA,比计划提前15分钟到达
ctu,tsn,SC1428,SC,12:05,14:25,1640,2:10,19,28,多云,37,小面积延误,23,35,多云,45,小面积延误,96.77,CA,比计划提前15分钟到达
ctu,tsn,ZH1428,ZH,12:05,14:25,1640,2:10,19,28,多云,37,小面积延误,23,35,多云,45,小面积延误,96.77,CA,比计划提前15分钟到达
ctu,tsn,TV6234,TV,12:05,14:25,1640,2:10,19,28,多云,37,小面积延误,23,35,多云,45,小面积延误,96.77,CA,比计划提前15分钟到达
ckg,foc,MF8446,MF,12:00,14:25,1598,1:57,20,26,中雨,33,流量正常,19,25,多云,19,小面积延误,66.67,MF,比计划晚点1小时2分钟到达
ckg,foc,3U4270,3U,12:00,14:25,1598,1:57,20,26,中雨,33,流量正常,19,25,多云,19,小面积延误,66.67,MF,比计划晚点1小时2分钟到达
ckg,foc,NS8446,NS,12:00,14:25,1598,1:57,20,26,中雨,33,流量正常,19,25,多云,19,小面积延误,66.67,MF,比计划晚点1小时2分钟到达
ckg,foc,CZ5189,CZ,12:00,14:25,1598,1:57,20,26,中雨,33,流量正常,19,25,多云,19,小面积延误,66.67,MF,比计划晚点1小时2分钟到达
ckg,nng,JD5831,JD,12:40,14:25,858,1:25,20,26,中雨,33,流量正常,22,33,晴天,26,小面积延误,70.97,JD,比计划提前16分钟到达
ckg,sha,FM9422,FM,11:55,14:25,1537,2:00,20,26,中雨,33,流量正常,20,33,阴天,25,流量正常,96.77,FM,比计划提前8分钟到达
ckg,sha,MU9422,MU,11:55,14:25,1537,2:00,20,26,中雨,33,流量正常,20,33,阴天,25,流量正常,96.77,FM,比计划提前8分钟到达
dlc,tna,3U8812,3U,13:15,14:25,670,0:53,19,30,多云,69,流量正常,20,33,多云,33,小面积延误,93.55,3U,比计划晚点29分钟到达
dlc,tna,SC7030,SC,13:15,14:25,670,0:53,19,30,多云,69,流量正常,20,33,多云,33,小面积延误,93.55,3U,比计划晚点29分钟到达
dlc,tna,MU3962,MU,13:15,14:25,670,0:53,19,30,多云,69,流量正常,20,33,多云,33,小面积延误,93.55,3U,比计划晚点29分钟到达
dlc,tna,G58672,G5,13:15,14:25,670,0:53,19,30,多云,69,流量正常,20,33,多云,33,小面积延误,93.55,3U,比计划晚点29分钟到达
dlc,tna,CZ9614,CZ,13:15,14:25,670,0:53,19,30,多云,69,流量正常,20,33,多云,33,小面积延误,93.55,3U,比计划晚点29分钟到达
dlc,mdg,CZ6265,CZ,12:25,14:25,978,1:28,19,30,多云,69,流量正常,7,31,多云,24,流量正常,92.86,CZ,比计划提前27分钟到达
dlc,cgo,DZ6308,DZ,12:30,14:25,988,1:35,19,30,多云,69,流量正常,21,31,阴天,40,小面积延误,93.55,DZ,比计划晚点11分钟到达
can,jxa,CZ6384,CZ,7:45,14:25,3522,4:29,24,27,多云,22,小面积延误,9,30,晴天,39,小面积延误,100,CZ,比计划提前31分钟到达
can,mdg,CZ6265,CZ,8:05,14:25,3263,4:16,24,27,多云,22,小面积延误,7,31,多云,24,流量正常,92.86,CZ,比计划提前27分钟到达
can,bpe,HU7267,HU,9:10,14:25,2134,3:29,24,27,多云,22,小面积延误,21,34,多云,44,流量正常,72.22,HU,比计划晚点37分钟到达
can,sha,CZ3539,CZ,12:00,14:25,1308,1:46,24,27,多云,22,小面积延误,20,33,阴天,25,流量正常,58.06,CZ,比计划提前14分钟到达
can,sha,MF1606,MF,12:00,14:25,1308,1:46,24,27,多云,22,小面积延误,20,33,阴天,25,流量正常,58.06,CZ,比计划提前14分钟到达
can,sha,MU3219,MU,12:00,14:25,1308,1:46,24,27,多云,22,小面积延误,20,33,阴天,25,流量正常,58.06,CZ,比计划提前14分钟到达
kwe,wnz,CA8883,CA,12:15,14:25,1480,2:18,18,26,阴天,33,流量正常,18,29,多云,14,小面积延误,64.52,SC,比计划晚点33分钟到达
kwe,wnz,G58468,G5,12:15,14:25,1480,2:18,18,26,阴天,33,流量正常,18,29,多云,14,小面积延误,64.52,SC,比计划晚点33分钟到达
kwe,wnz,SC8883,SC,12:15,14:25,1480,2:18,18,26,阴天,33,小面积延误,18,29,多云,14,小面积延误,64.52,SC,比计划晚点33分钟到达
hfe,pvg,MU5464,MU,13:00,14:25,412,0:55,22,33,多云,24,小面积延误,19,30,阴天,25,小面积延误,93.55,MU,比计划提前9分钟到达
hrb,hak,FU6613,FU,7:50,14:25,3433,5:02,14,34,晴天,43,流量正常,25,32,多云,13,小面积延误,83.33,FU,比计划晚点46分钟到达
het,lyg,G58537,G5,12:30,14:25,935,2:24,17,32,晴天,23,小面积延误,21,34,多云,29,流量正常,25.81,MU,比计划晚点2小时22分钟到达
het,lyg,MU2892,MU,12:30,14:25,935,2:24,17,32,晴天,23,小面积延误,21,34,多云,29,流量正常,25.81,MU,比计划晚点2小时22分钟到达
hgh,pek,MF8149,MF,12:00,14:25,1200,1:46,20,33,多云,29,小面积延误,19,32,多云,28,小面积延误,51.61,MF,比计划晚点2小时1分钟到达
hgh,pek,NS8149,NS,12:00,14:25,1200,1:46,20,33,多云,29,小面积延误,19,32,多云,28,小面积延误,51.61,MF,比计划晚点2小时1分钟到达
hgh,pek,MU4109,MU,12:00,14:25,1200,1:46,20,33,多云,29,小面积延误,19,32,多云,28,小面积延误,51.61,MF,比计划晚点2小时1分钟到达
hgh,pek,CZ5059,CZ,12:00,14:25,1200,1:46,20,33,多云,29,小面积延误,19,32,多云,28,小面积延误,51.61,MF,比计划晚点2小时1分钟到达
swa,zuh,FM9297,FM,13:20,14:25,364,0:57,22,27,多云,22,流量正常,26,29,多云,27,小面积延误,93.55,FM,比计划提前10分钟到达
swa,zuh,MU9297,MU,13:20,14:25,364,0:57,22,27,多云,22,流量正常,26,29,多云,27,小面积延误,93.55,FM,比计划提前10分钟到达
kmg,pvg,MU5464,MU,9:35,14:25,2207,3:01,14,25,晴天,29,小面积延误,19,30,阴天,25,小面积延误,93.55,MU,比计划提前9分钟到达
lhw,het,QW6065,QW,12:45,14:25,858,1:30,8,31,晴天,20,小面积延误,17,32,晴天,23,小面积延误,90.32,QW,比计划提前4分钟到达
pek,wnz,MU5134,MU,13:15,15:55,1596,2:07,19,32,多云,27,小面积延误,18,29,多云,13,小面积延误,-,MU,比计划晚点1小时5分钟到达
csx,ckg,PN6340,PN,14:25,15:55,695,1:12,21,31,多云,35,小面积延误,20,26,多云,31,小面积延误,64.52,PN,比计划晚点31分钟到达
csx,dlc,CA8962,CA,12:05,15:55,1898,2:39,21,31,多云,35,小面积延误,19,30,多云,75,小面积延误,70.97,CA,比计划晚点1小时41分钟到达
csx,dlc,SC8962,SC,12:05,15:55,1898,2:39,21,31,多云,35,小面积延误,19,30,多云,75,小面积延误,70.97,CA,比计划晚点1小时41分钟到达
csx,dlc,ZH4662,ZH,12:05,15:55,1898,2:39,21,31,多云,35,小面积延误,19,30,多云,75,小面积延误,70.97,CA,比计划晚点1小时41分钟到达
csx,sha,FM9392,FM,14:10,15:55,964,1:32,21,31,多云,35,小面积延误,20,33,多云,22,小面积延误,87.1,FM,飞行时长1小时32分钟
csx,sha,MU9392,MU,14:10,15:55,964,1:32,21,31,多云,35,小面积延误,20,33,多云,22,小面积延误,87.1,FM,飞行时长1小时32分钟
cgq,hgh,CA1908,CA,12:55,15:55,2010,2:28,16,34,晴天,35,流量正常,20,33,多云,22,小面积延误,93.55,CA,比计划晚点2小时52分钟到达
cgq,hgh,ZH1908,ZH,12:55,15:55,2010,2:28,16,34,晴天,35,流量正常,20,33,多云,22,小面积延误,93.55,CA,比计划晚点2小时52分钟到达
ctu,can,3U8733,3U,13:25,15:55,1390,2:08,19,28,多云,36,小面积延误,24,27,多云,21,流量正常,90.32,3U,比计划晚点55分钟到达
ctu,can,CZ4981,CZ,13:25,15:55,1390,2:08,19,28,多云,36,小面积延误,24,27,多云,21,流量正常,90.32,3U,比计划晚点55分钟到达
ctu,kmg,MU5846,MU,14:10,15:55,711,1:04,19,28,多云,36,小面积延误,14,25,晴天,26,流量正常,100,MU,比计划提前44分钟到达
ctu,kmg,MF3073,MF,14:10,15:55,711,1:04,19,28,多云,36,小面积延误,14,25,晴天,26,流量正常,100,MU,比计划提前44分钟到达
ctu,kmg,3U5127,3U,14:10,15:55,711,1:04,19,28,多云,36,小面积延误,14,25,晴天,26,流量正常,100,MU,比计划提前44分钟到达
ctu,szx,3U8703,3U,13:25,15:55,1446,2:02,19,28,多云,36,小面积延误,25,28,多云,28,小面积延误,61.29,3U,比计划提前6分钟到达
ctu,szx,CA4313,CA,13:25,15:55,1446,2:01,19,28,多云,36,小面积延误,25,28,多云,28,小面积延误,54.84,CA,比计划晚点1小时54分钟到达
ctu,szx,ZH4313,ZH,13:25,15:55,1446,2:01,19,28,多云,36,小面积延误,25,28,多云,28,小面积延误,54.84,CA,比计划晚点1小时54分钟到达
ctu,szx,CZ4977,CZ,13:25,15:55,1446,2:02,19,28,多云,36,小面积延误,25,28,多云,28,小面积延误,61.29,3U,比计划提前6分钟到达
ctu,szx,MF5057,MF,13:25,15:55,1446,2:02,19,28,多云,36,小面积延误,25,28,多云,28,小面积延误,61.29,3U,比计划提前6分钟到达
ctu,szx,TV6355,TV,13:25,15:55,1446,2:01,19,28,多云,36,小面积延误,25,28,多云,28,小面积延误,54.84,CA,比计划晚点1小时54分钟到达
ctu,szx,ZH3833,ZH,13:25,15:55,1446,2:02,19,28,多云,36,小面积延误,25,28,多云,28,小面积延误,61.29,3U,比计划提前6分钟到达
ctu,wuh,3U8985,3U,14:00,15:55,1047,1:34,19,28,多云,36,小面积延误,18,31,阴天,42,流量正常,96.77,3U,比计划提前26分钟到达
ctu,wuh,CZ9681,CZ,14:00,15:55,1047,1:34,19,28,多云,36,小面积延误,18,31,阴天,42,流量正常,96.77,3U,比计划提前26分钟到达
ckg,khn,PN6255,PN,14:05,15:55,970,1:31,20,26,多云,31,小面积延误,20,29,多云,16,小面积延误,100,PN,比计划晚点18分钟到达
ckg,tao,MU2835,MU,11:30,16:00,1857,3:05,20,26,多云,31,小面积延误,22,34,多云,49,流量正常,77.42,MU,比计划晚点43分钟到达
ckg,syx,PN6203,PN,13:35,15:55,1517,2:00,20,26,多云,31,小面积延误,26,33,多云,13,小面积延误,70.97,PN,比计划提前14分钟到达
dlc,kwe,HU7521,HU,9:15,15:55,2635,3:35,19,30,多云,75,小面积延误,18,26,多云,32,小面积延误,83.87,HU,比计划提前4分钟到达
dlc,ynt,MU5768,MU,15:10,15:55,240,0:35,19,30,多云,75,小面积延误,21,32,多云,32,小面积延误,66.67,MU,比计划提前10分钟到达
can,pek,HU7806,HU,12:55,15:55,1876,2:34,24,27,多云,21,流量正常,19,32,多云,27,小面积延误,45.16,HU,比计划提前8分钟到达
can,dlc,CZ6322,CZ,12:35,15:55,2285,2:59,24,27,多云,21,流量正常,19,30,多云,75,小面积延误,79.31,CZ,比计划提前3分钟到达
kwe,tsn,GS6491,GS,11:35,15:55,1308,3:02,18,26,多云,32,小面积延误,23,35,多云,43,小面积延误,64.71,GS,比计划提前25分钟到达
hak,csx,CZ6767,CZ,13:50,15:55,1100,1:31,25,32,阴天,12,小面积延误,21,31,多云,35,小面积延误,90.32,CZ,比计划晚点1小时0分钟到达
het,cif,GJ8091,GJ,14:30,15:55,639,1:06,17,32,多云,19,小面积延误,17,34,多云,31,小面积延误,-,GJ,比计划提前10分钟到达
het,nkg,MU2892,MU,12:30,15:55,1250,3:15,17,32,多云,19,小面积延误,18,35,多云,33,流量正常,46.67,MU,比计划晚点2小时27分钟到达
hgh,ckg,G52696,G5,11:50,15:45,1485,2:32,20,33,多云,22,小面积延误,20,26,多云,31,小面积延误,94.44,G5,比计划晚点13分钟到达
hgh,ckg,SC3648,SC,11:50,15:45,1485,2:32,20,33,多云,22,小面积延误,20,26,多云,31,小面积延误,94.44,G5,比计划晚点13分钟到达
hgh,ckg,CA5856,CA,11:50,15:45,1485,2:32,20,33,多云,22,小面积延误,20,26,多云,31,小面积延误,94.44,G5,比计划晚点13分钟到达
hgh,can,CA1721,CA,13:50,15:55,1099,1:32,20,33,多云,22,小面积延误,24,27,多云,21,流量正常,38.71,CA,比计划晚点37分钟到达
hgh,can,ZH1721,ZH,13:50,15:55,1099,1:32,20,33,多云,22,小面积延误,24,27,多云,21,流量正常,38.71,CA,比计划晚点37分钟到达
hgh,weh,GJ8943,GJ,20:05,22:00,789,1:43,20,33,多云,22,小面积延误,17,36,多云,41,流量正常,80,GJ,剩余1小时6分钟到达
tna,dlc,CA8962,CA,14:50,15:55,670,0:57,21,33,晴天,34,流量正常,19,30,多云,75,小面积延误,70.97,CA,比计划晚点1小时41分钟到达
tna,dlc,SC8962,SC,14:50,15:55,670,0:57,21,33,晴天,34,流量正常,19,30,多云,75,小面积延误,70.97,CA,比计划晚点1小时41分钟到达
tna,dlc,ZH4662,ZH,14:50,15:55,670,0:57,21,33,晴天,34,流量正常,19,30,多云,75,小面积延误,70.97,CA,比计划晚点1小时41分钟到达
tna,dlc,G58180,G5,14:50,15:55,670,0:57,21,33,晴天,34,流量正常,19,30,多云,75,小面积延误,70.97,CA,比计划晚点1小时41分钟到达
tna,zuh,HU7354,HU,13:00,15:55,1687,2:37,21,33,晴天,34,流量正常,26,29,多云,26,小面积延误,38.8,HU,比计划晚点4小时42分钟到达
kmg,tna,SC4874,SC,13:05,15:55,2080,2:34,14,25,晴天,26,流量正常,21,33,晴天,34,流量正常,90.32,SC,比计划晚点13分钟到达
kmg,tna,TV6790,TV,13:05,15:55,2080,2:34,14,25,晴天,26,流量正常,21,33,晴天,34,流量正常,90.32,SC,比计划晚点13分钟到达
kmg,tna,CA4874,CA,13:05,15:55,2080,2:34,14,25,晴天,26,流量正常,21,33,晴天,34,流量正常,90.32,SC,比计划晚点13分钟到达
kmg,tna,3U1048,3U,13:05,15:55,2080,2:34,14,25,晴天,26,流量正常,21,33,晴天,34,流量正常,90.32,SC,比计划晚点13分钟到达
lhw,urc,QW9799,QW,13:20,15:55,1758,2:12,8,30,晴天,17,流量正常,8,18,多云,10,小面积延误,88.8,QW,比计划晚点25分钟到达
lzh,wnz,MU5380,MU,13:45,15:55,1426,2:05,23,32,晴天,43,流量正常,18,29,多云,13,小面积延误,80,MU,比计划提前10分钟到达
lyg,nkg,MU2892,MU,15:10,15:55,315,0:51,21,34,多云,29,流量正常,18,35,多云,33,流量正常,45.16,MU,比计划晚点2小时27分钟到达
ljg,huz,HO1668,HO,13:25,16:05,1504,2:21,14,25,晴天,8,小面积延误,23,28,多云,20,流量正常,83.87,HO,飞行时长2小时21分钟
ljg,huz,MU4913,MU,13:25,16:05,1504,2:21,14,25,晴天,8,小面积延误,23,28,多云,20,流量正常,83.87,HO,飞行时长2小时21分钟
nng,foc,EU1843,EU,10:20,15:55,2749,4:05,22,33,晴天,32,小面积延误,19,25,多云,19,小面积延误,80.65,EU,比计划提前8分钟到达
nny,tsn,GS6491,GS,14:10,15:55,400,1:23,18,30,阴天,36,流量正常,23,35,多云,43,小面积延误,61.11,GS,比计划提前25分钟到达
nkg,pek,CA1848,CA,13:55,16:05,981,1:28,18,35,多云,33,流量正常,19,32,多云,27,小面积延误,70.97,CA,比计划提前14分钟到达
nkg,pek,ZH1848,ZH,13:55,16:05,981,1:28,18,35,多云,33,流量正常,19,32,多云,27,小面积延误,70.97,CA,比计划提前14分钟到达
nkg,tao,MU2835,MU,14:35,16:00,552,1:07,18,35,多云,33,流量正常,22,34,多云,49,流量正常,77.42,MU,比计划晚点43分钟到达
ngb,ckg,PN6340,PN,11:30,15:55,1525,2:34,17,29,多云,18,小面积延误,20,26,多云,31,小面积延误,64.52,PN,比计划晚点31分钟到达
pzi,ctu,CA4464,CA,14:40,16:05,700,0:53,23,37,多云,23,流量正常,19,28,多云,36,小面积延误,80.65,CA,比计划提前35分钟到达
pzi,ctu,ZH4464,ZH,14:40,16:05,700,0:53,23,37,多云,23,流量正常,19,28,多云,36,小面积延误,-,CA,比计划提前35分钟到达
tao,urc,QW9799,QW,7:55,15:55,3523,4:41,22,34,多云,49,流量正常,8,18,多云,10,小面积延误,88.8,QW,比计划晚点25分钟到达
szx,pek,HU7704,HU,13:00,15:55,2077,2:46,25,28,多云,28,小面积延误,19,32,多云,27,小面积延误,41.94,HU,飞行时长2小时46分钟
szx,pek,Y87704,Y8,13:00,15:55,2077,2:46,25,28,多云,28,小面积延误,19,32,多云,27,小面积延误,41.94,HU,飞行时长2小时46分钟
szx,sha,MU5344,MU,13:30,15:55,1343,1:56,25,28,多云,28,小面积延误,21,33,多云,22,小面积延误,58.06,MU,比计划提前20分钟到达
szx,sha,HO3670,HO,13:30,15:55,1343,1:56,25,28,多云,28,小面积延误,21,33,多云,22,小面积延误,58.06,MU,比计划提前20分钟到达
szx,sha,MF3031,MF,13:30,15:55,1343,1:56,25,28,多云,28,小面积延误,21,33,多云,22,小面积延误,58.06,MU,比计划提前20分钟到达
szx,sha,CZ9315,CZ,13:30,15:55,1343,1:56,25,28,多云,28,小面积延误,21,33,多云,22,小面积延误,58.06,MU,比计划提前20分钟到达
szx,sha,3U5080,3U,13:30,15:55,1343,1:56,25,28,多云,28,小面积延误,21,33,多云,22,小面积延误,58.06,MU,比计划提前20分钟到达
szx,cgo,DZ6219,DZ,13:20,15:55,1465,1:58,25,28,多云,28,小面积延误,21,31,阴天,41,小面积延误,83.33,DZ,比计划提前33分钟到达
sjw,hak,JD5222,JD,12:30,15:55,2349,3:12,23,33,晴天,36,大面积延误,25,32,阴天,12,小面积延误,87.1,JD,比计划提前10分钟到达
she,hak,JD5222,JD,9:05,15:55,3224,4:47,18,35,多云,39,小面积延误,25,32,阴天,12,小面积延误,87.1,JD,比计划提前10分钟到达
sha,pek,FM9103,FM,13:30,15:55,1088,1:55,21,33,多云,22,小面积延误,19,32,多云,27,小面积延误,74.19,FM,比计划提前12分钟到达
sha,pek,MU9103,MU,13:30,15:55,1088,1:55,21,33,多云,22,小面积延误,19,32,多云,27,小面积延误,74.19,FM,比计划提前12分钟到达
sha,csx,MU5271,MU,14:05,15:55,964,1:22,21,33,多云,22,小面积延误,21,31,多云,35,流量正常,87.1,MU,比计划提前14分钟到达
sha,csx,CZ9352,CZ,14:05,15:55,964,1:22,21,33,多云,22,小面积延误,21,31,多云,35,流量正常,87.1,MU,比计划提前14分钟到达
sha,can,FM9309,FM,13:30,15:55,1308,1:52,21,33,多云,22,小面积延误,24,27,多云,21,流量正常,67.74,FM,比计划晚点13分钟到达
sha,can,MU9309,MU,13:30,15:55,1308,1:52,21,33,多云,22,小面积延误,24,27,多云,21,流量正常,67.74,FM,比计划晚点13分钟到达
pvg,szx,ZH9504,ZH,13:10,16:00,1343,2:07,19,30,多云,22,小面积延误,25,28,多云,28,小面积延误,64.52,ZH,比计划晚点1小时12分钟到达
pvg,szx,3U4054,3U,13:10,16:00,1343,2:07,19,30,多云,22,小面积延误,25,28,多云,28,小面积延误,64.52,ZH,比计划晚点1小时12分钟到达
pvg,szx,KY9504,KY,13:10,16:00,1343,2:07,19,30,多云,22,小面积延误,25,28,多云,28,小面积延误,64.52,ZH,比计划晚点1小时12分钟到达
pvg,szx,CA3804,CA,13:10,16:00,1343,2:07,19,30,多云,22,小面积延误,25,28,多云,28,小面积延误,64.52,ZH,比计划晚点1小时12分钟到达
pvg,szx,HO3954,HO,13:10,16:00,1343,2:07,19,30,多云,22,小面积延误,25,28,多云,28,小面积延误,64.52,ZH,比计划晚点1小时12分钟到达
pvg,she,CZ6506,CZ,13:15,15:55,1364,2:01,19,30,多云,22,小面积延误,18,35,多云,39,小面积延误,93.55,CZ,比计划提前29分钟到达
tyn,kwe,HU7521,HU,13:25,15:55,1441,2:10,14,29,多云,21,流量正常,18,26,多云,32,小面积延误,83.87,HU,比计划提前4分钟到达
urc,hak,HU7856,HU,9:25,15:55,3532,5:26,8,18,多云,10,小面积延误,25,32,阴天,12,小面积延误,90.32,HU,比计划提前6分钟到达
xmn,pek,HU7192,HU,13:05,15:55,1774,2:39,21,27,多云,25,小面积延误,19,32,多云,27,小面积延误,51.61,HU,准点到达
xmn,pek,FU7192,FU,13:05,15:55,1774,2:39,21,27,多云,25,小面积延误,19,32,多云,27,小面积延误,51.61,HU,准点到达
xmn,urc,HU7813,HU,8:20,15:55,3667,5:48,21,27,多云,25,小面积延误,8,18,多云,10,小面积延误,88.8,HU,比计划提前20分钟到达
xmn,urc,UQ7813,UQ,8:20,15:55,3667,5:48,21,27,多云,25,小面积延误,8,18,多云,10,小面积延误,88.8,HU,比计划提前20分钟到达
xfn,ckg,CA5856,CA,14:25,15:45,680,1:09,19,28,阴天,61,流量正常,20,26,多云,31,流量正常,94.44,G5,比计划晚点13分钟到达
xfn,ckg,G52696,G5,14:25,15:45,680,1:09,19,28,阴天,61,流量正常,20,26,多云,31,流量正常,94.44,G5,比计划晚点13分钟到达
xfn,ckg,SC3648,SC,14:25,15:45,680,1:09,19,28,阴天,61,流量正常,20,26,多云,31,流量正常,94.44,G5,比计划晚点13分钟到达
xnn,hak,HU7856,HU,12:45,15:55,2014,2:53,8,28,多云,29,小面积延误,25,32,阴天,12,小面积延误,90.32,HU,比计划提前6分钟到达
ynt,pvg,HO3746,HO,14:05,15:55,711,1:23,21,32,多云,32,小面积延误,19,30,多云,22,小面积延误,90.32,MU,比计划晚点15分钟到达
ynt,pvg,MU5546,MU,14:05,15:55,711,1:23,21,32,多云,32,小面积延误,19,30,多云,22,小面积延误,90.32,MU,比计划晚点15分钟到达
ynt,cgo,GT1010,GT,14:00,15:55,751,1:29,21,32,多云,32,小面积延误,21,31,阴天,41,小面积延误,75,GT,比计划提前8分钟到达
uyn,urc,HU7813,HU,12:20,15:55,1950,3:08,17,28,晴天,26,流量正常,8,18,多云,10,小面积延误,88.8,HU,比计划提前20分钟到达
yiw,urc,CZ6661,CZ,8:25,15:55,3764,5:27,20,31,多云,22,小面积延误,8,18,多云,10,小面积延误,84.62,CZ,比计划提前25分钟到达
zuh,tsn,CA1620,CA,13:00,16:15,1907,2:44,26,29,多云,26,小面积延误,23,35,多云,43,小面积延误,28.57,CA,比计划提前11分钟到达
zuh,tsn,G58030,G5,13:00,16:15,1907,2:44,26,29,多云,26,小面积延误,23,35,多云,43,小面积延误,28.57,CA,比计划提前11分钟到达
zuh,tsn,ZH1620,ZH,13:00,16:15,1907,2:44,26,29,多云,26,小面积延误,23,35,多云,43,小面积延误,28.57,CA,比计划提前11分钟到达
cgo,ckg,CA4574,CA,14:00,15:55,980,1:36,21,31,阴天,41,小面积延误,20,26,多云,31,流量正常,93.55,CA,比计划提前8分钟到达
cgo,ckg,ZH4574,ZH,14:00,15:55,980,1:36,21,31,阴天,41,小面积延误,20,26,多云,31,流量正常,93.55,CA,比计划提前8分钟到达
cgo,ckg,G58118,G5,14:00,15:55,980,1:36,21,31,阴天,41,小面积延误,20,26,多云,31,流量正常,93.55,CA,比计划提前8分钟到达
cgo,ckg,SC4574,SC,14:00,15:55,980,1:36,21,31,阴天,41,小面积延误,20,26,多云,31,流量正常,-,CA,比计划提前8分钟到达
cgo,foc,EU1843,EU,13:50,15:55,1192,1:57,21,31,阴天,41,小面积延误,19,25,多云,19,小面积延误,80.65,EU,比计划提前8分钟到达
cgo,urc,CZ6661,CZ,11:30,15:55,2747,3:50,21,31,阴天,41,小面积延误,8,18,多云,10,小面积延误,81.48,CZ,比计划提前25分钟到达
cgo,xmn,MF8336,MF,13:50,15:55,1312,1:52,21,31,阴天,41,小面积延误,21,27,多云,25,小面积延误,70.97,MF,飞行时长1小时52分钟
cgo,xmn,CZ5125,CZ,13:50,15:55,1312,1:52,21,31,阴天,41,小面积延误,21,27,多云,25,小面积延误,70.97,MF,飞行时长1小时52分钟
cgo,xmn,NS8336,NS,13:50,15:55,1312,1:52,21,31,阴天,41,小面积延误,21,27,多云,25,小面积延误,70.97,MF,飞行时长1小时52分钟
zhy,inc,JR1510,JR,15:15,15:55,137,0:27,15,32,晴天,11,小面积延误,17,32,晴天,16,流量正常,77.42,JR,飞行时长27分钟
pek,ckg,CA4138,CA,13:00,16:00,1640,2:28,19,32,多云,27,小面积延误,20,26,阴天,31,流量正常,70.97,CA,比计划提前15分钟到达
pek,ckg,SC4138,SC,13:00,16:00,1640,2:28,19,32,多云,27,小面积延误,20,26,阴天,31,流量正常,70.97,CA,比计划提前15分钟到达
pek,ckg,ZH4138,ZH,13:00,16:00,1640,2:28,19,32,多云,27,小面积延误,20,26,阴天,31,流量正常,70.97,CA,比计划提前15分钟到达
pek,kmg,MU5702,MU,12:30,15:55,2266,3:17,19,32,多云,27,小面积延误,14,25,晴天,26,小面积延误,93.55,MU,比计划提前3分钟到达
pek,kmg,CZ9021,CZ,12:30,15:55,2266,3:17,19,32,多云,27,小面积延误,14,25,晴天,26,小面积延误,93.55,MU,比计划提前3分钟到达
ctu,sha,9C8888,9C,13:20,16:00,1782,2:17,19,28,多云,36,小面积延误,20,33,阴天,22,小面积延误,93.55,9C,比计划提前9分钟到达
ckg,szx,CA4347,CA,13:45,16:00,1290,1:40,20,26,阴天,31,流量正常,25,28,多云,28,小面积延误,74.19,CA,比计划晚点3小时14分钟到达
ckg,szx,ZH4347,ZH,13:45,16:00,1290,1:40,20,26,阴天,31,流量正常,25,28,多云,28,小面积延误,74.19,CA,比计划晚点3小时14分钟到达
ckg,szx,G58079,G5,13:45,16:00,1290,1:40,20,26,阴天,31,流量正常,25,28,多云,28,小面积延误,74.19,CA,比计划晚点3小时14分钟到达
ckg,szx,SC4347,SC,13:45,16:00,1290,1:40,20,26,阴天,31,流量正常,25,28,多云,28,小面积延误,74.19,CA,比计划晚点3小时14分钟到达
dax,zuh,CA4050,CA,16:35,18:45,1180,1:42,21,28,多云,60,流量正常,26,29,多云,26,小面积延误,83.33,CA,比计划晚点1小时46分钟到达
dax,zuh,ZH4050,ZH,16:35,18:45,1180,1:42,21,28,多云,60,流量正常,26,29,多云,26,小面积延误,83.33,CA,比计划晚点1小时46分钟到达
can,dsn,MU2283,MU,11:10,16:00,2136,3:27,24,27,多云,21,小面积延误,16,26,晴天,19,流量正常,77.18,MU,飞行时长3小时27分钟
can,hgh,MF8382,MF,13:45,16:00,1099,1:33,24,27,多云,21,小面积延误,20,33,多云,22,小面积延误,77.42,MF,比计划提前28分钟到达
can,hgh,NS8382,NS,13:45,16:00,1099,1:33,24,27,多云,22,小面积延误,20,33,多云,22,小面积延误,77.42,MF,比计划提前28分钟到达
can,hgh,MU8508,MU,13:45,16:00,1099,1:33,24,27,多云,22,小面积延误,20,33,多云,22,小面积延误,77.42,MF,比计划提前28分钟到达
can,hgh,3U4244,3U,13:45,16:00,1099,1:33,24,27,多云,22,小面积延误,20,33,多云,22,小面积延误,77.42,MF,比计划提前28分钟到达
can,hgh,CZ5158,CZ,13:45,16:00,1099,1:33,24,27,多云,22,小面积延误,20,33,多云,22,小面积延误,77.42,MF,比计划提前28分钟到达
hfe,tsn,CA3549,CA,14:00,16:00,906,1:27,22,33,多云,24,小面积延误,23,35,多云,45,小面积延误,80,ZH,准点到达
hfe,tsn,KY9197,KY,14:00,16:00,906,1:27,22,33,多云,24,小面积延误,23,35,多云,45,小面积延误,80,ZH,准点到达
hfe,tsn,ZH8749,ZH,14:00,16:00,906,1:27,22,33,多云,24,小面积延误,23,35,多云,45,小面积延误,-,ZH,准点到达
hak,csx,HU7297,HU,14:05,16:00,1100,1:41,25,32,阴天,13,小面积延误,21,31,多云,39,流量正常,66.67,HU,比计划晚点18分钟到达
hrb,ckg,CZ6345,CZ,11:50,16:00,2650,3:49,14,34,多云,43,流量正常,20,26,阴天,31,流量正常,80,CZ,比计划提前7分钟到达
hrb,ckg,3U3173,3U,11:50,16:00,2650,3:49,14,34,多云,43,流量正常,20,26,阴天,31,流量正常,80,CZ,比计划提前7分钟到达
hrb,szx,ZH8958,ZH,9:45,16:00,3050,4:41,14,34,多云,43,流量正常,25,28,多云,29,小面积延误,67.74,ZH,比计划晚点1小时28分钟到达
kmg,csx,GS6574,GS,14:05,16:00,1116,1:31,14,25,晴天,26,小面积延误,21,31,多云,39,流量正常,83.33,GS,比计划提前6分钟到达
kmg,sha,9C8954,9C,12:45,16:00,2042,2:41,14,25,晴天,29,小面积延误,20,33,阴天,25,小面积延误,94.44,9C,比计划提前23分钟到达
lhw,cgo,DZ6286,DZ,14:15,16:00,1024,1:27,8,31,晴天,17,流量正常,21,31,阴天,40,小面积延误,67.74,DZ,比计划晚点20分钟到达
ljg,mig,CA4640,CA,14:30,16:00,686,1:16,14,25,晴天,9,流量正常,21,27,多云,49,流量正常,72.41,SC,比计划晚点1小时22分钟到达
ljg,mig,SC4640,SC,14:30,16:00,686,1:16,14,25,晴天,9,流量正常,21,27,多云,49,流量正常,72.41,SC,比计划晚点1小时22分钟到达
ljg,nkg,HO1678,HO,11:30,16:00,2139,3:13,14,25,晴天,9,流量正常,18,35,多云,33,小面积延误,93.55,HO,比计划晚点20分钟到达
ljg,nkg,MU4838,MU,11:30,16:00,2139,3:13,14,25,晴天,9,流量正常,18,35,多云,33,小面积延误,93.55,HO,比计划晚点20分钟到达
nng,wuh,CZ3342,CZ,14:05,16:00,1099,1:45,22,33,晴天,32,小面积延误,18,31,阴天,49,小面积延误,92.86,CZ,飞行时长1小时45分钟
nkg,can,CZ3600,CZ,13:40,16:00,1255,1:44,18,35,多云,36,小面积延误,24,27,多云,22,小面积延误,35.48,CZ,比计划晚点2小时26分钟到达
nkg,can,MF1621,MF,13:40,16:00,1255,1:44,18,35,多云,36,小面积延误,24,27,多云,22,小面积延误,35.48,CZ,比计划晚点2小时26分钟到达
nkg,can,3U3200,3U,13:40,16:00,1255,1:44,18,35,多云,36,小面积延误,24,27,多云,22,小面积延误,35.48,CZ,比计划晚点2小时26分钟到达
ntg,hzg,9H8482,9H,13:45,16:00,1296,2:07,20,34,多云,33,流量正常,19,31,多云,42,流量正常,"44, 40",9H,比计划晚点3小时0分钟到达
ntg,szx,ZH8958,ZH,13:25,16:00,1478,2:06,20,34,多云,33,流量正常,25,28,多云,29,小面积延误,67.74,ZH,比计划晚点1小时28分钟到达
khn,tna,CA8874,CA,14:00,16:00,1404,1:30,20,29,多云,16,小面积延误,21,33,多云,33,小面积延误,66.67,SC,比计划提前35分钟到达
khn,tna,SC8874,SC,14:00,16:00,1404,1:30,20,29,多云,16,小面积延误,21,33,多云,33,小面积延误,66.67,SC,比计划提前35分钟到达
